accno,delref,store_name,rep_code,rep_name,health_score,tier_code,tier_label,tier_emoji,freq_3m,freq_6m,freq_12m,freq_score,visits_6m,visits_per_month,days_since_purchase,cadence_score,n_cats_all,n_cats_12m,cats_12m,basket_score,sku_depth_score,sku_depth_detail,trend_slope_pct,trend_score,is_recovery
KM027,KM027,Maliks TA Power Build,AC,Aboo Cassim,85.0,growing,Active & Growing,🟢,3.67,4.34,4.41,100.0,29,4.83,4,100.0,11,11,"Accessories, Enamel, Floor & Roof Paints, General, PVA Paints, Primers, Putty, QD Enamel, Specialised Coatings, Waterproofing, Woodcare",100.0,100.0,Enamel:26.2%; Putty:75.0%; General:29.2%; Primers:27.5%; Waterproofing:18.4%; Woodcare:68.0%; Accessories:18.2%; QD Enamel:17.3%; PVA Paints:8.1%; Floor & Roof Paints:18.9%; Specialised Coatings:33.3%,-14.76,0.0,False
KS029,KS029,Patels Hardware,BV,Bhadresh Vallabh,81.3,growing,Active & Growing,🟢,1.34,2.17,2.67,54.2,10,1.67,79,83.3,11,10,"Accessories, Enamel, Floor & Roof Paints, General, PVA Paints, Primers, QD Enamel, Specialised Coatings, Waterproofing, Woodcare",94.5,79.1,Enamel:26.2%; Woodcare:68.0%; QD Enamel:17.3%; PVA Paints:5.2%; Primers:20.0%; Accessories:21.2%; Waterproofing:7.9%; General:4.2%; Specialised Coatings:25.0%; Floor & Roof Paints:2.7%,16.88,100.0,False
KP005,KP005,Patel (Nkomazi Imp. & Exp. CC),BV,Bhadresh Vallabh,80.9,growing,Active & Growing,🟢,1.67,2.51,3.16,62.7,23,3.83,7,100.0,10,10,"Accessories, Enamel, Floor & Roof Paints, General, PVA Paints, Primers, Putty, QD Enamel, Waterproofing, Woodcare",90.9,100.0,Putty:62.5%; General:31.2%; Accessories:33.3%; PVA Paints:6.5%; Enamel:11.5%; Woodcare:72.0%; QD Enamel:15.4%; Primers:7.5%; Floor & Roof Paints:8.1%; Waterproofing:28.9%,0.58,52.9,False
KS019,KS019/2,SASELAMANI STORES,NP,Nikhil Panchal,79.1,growing,Active & Growing,🟢,0.67,1.5,1.58,37.5,28,4.67,38,100.0,10,10,"Accessories, Enamel, Floor & Roof Paints, General, PVA Paints, Primers, QD Enamel, Specialised Coatings, Waterproofing, Woodcare",90.9,89.9,PVA Paints:10.4%; Enamel:16.4%; Primers:22.5%; Woodcare:48.0%; General:37.5%; Accessories:27.3%; QD Enamel:21.2%; Waterproofing:23.7%; Specialised Coatings:8.3%; Floor & Roof Paints:9.5%,8.66,93.3,False
KS004,KS004,S.E.Z. Superette,BV,Bhadresh Vallabh,79.0,growing,Active & Growing,🟢,3.67,3.67,4.66,91.8,5,0.83,16,41.7,10,10,"Accessories, Enamel, Floor & Roof Paints, General, PVA Paints, Primers, QD Enamel, Specialised Coatings, Waterproofing, Woodcare",90.9,60.9,PVA Paints:12.0%; Enamel:15.8%; Floor & Roof Paints:13.5%; Waterproofing:10.5%; Woodcare:36.0%; Accessories:12.1%; QD Enamel:5.8%; Primers:5.0%; General:33.3%; Specialised Coatings:8.3%,7.82,89.1,False
KK021,KK021/2,Kit Kat Group (Pty) Ltd,NP,Nikhil Panchal,79.0,growing,Active & Growing,🟢,4.01,4.18,3.75,100.0,4,0.67,11,33.3,11,11,"Accessories, Enamel, Floor & Roof Paints, General, PVA Paints, Primers, Putty, QD Enamel, Specialised Coatings, Waterproofing, Woodcare",100.0,100.0,PVA Paints:51.1%; Floor & Roof Paints:35.1%; Primers:32.5%; Enamel:25.7%; Waterproofing:21.1%; Woodcare:84.0%; Putty:37.5%; Accessories:42.4%; General:45.8%; QD Enamel:22.1%; Specialised Coatings:33.3%,-4.7,26.5,False
KK022,KK022,Kit Kat Group (Pty) Ltd,NP,Nikhil Panchal,78.8,growing,Active & Growing,🟢,3.01,3.01,2.5,75.2,12,2.0,10,100.0,11,11,"Accessories, Enamel, Floor & Roof Paints, General, PVA Paints, Primers, Putty, QD Enamel, Specialised Coatings, Waterproofing, Woodcare",100.0,100.0,PVA Paints:38.8%; QD Enamel:22.1%; Enamel:25.1%; Floor & Roof Paints:33.8%; Primers:30.0%; Waterproofing:28.9%; Woodcare:84.0%; Accessories:39.4%; Putty:37.5%; General:41.7%; Specialised Coatings:50.0%,-11.92,0.0,False
KK021,KK021,Kit Kat Group (Pty) Ltd,NP,Nikhil Panchal,78.3,growing,Active & Growing,🟢,8.69,7.85,5.83,100.0,4,0.67,1,33.3,11,11,"Accessories, Enamel, Floor & Roof Paints, General, PVA Paints, Primers, Putty, QD Enamel, Specialised Coatings, Waterproofing, Woodcare",100.0,100.0,PVA Paints:52.4%; Floor & Roof Paints:39.2%; Enamel:26.2%; Specialised Coatings:50.0%; Primers:30.0%; Waterproofing:23.7%; Woodcare:84.0%; Putty:37.5%; General:47.9%; Accessories:42.4%; QD Enamel:23.1%,-5.56,22.2,False
KS011,KS011/1,Tiger build Hardware,NP,Nikhil Panchal,78.1,growing,Active & Growing,🟢,3.01,3.34,3.16,83.5,10,1.67,9,83.3,9,8,"Accessories, Enamel, PVA Paints, Primers, QD Enamel, Specialised Coatings, Waterproofing, Woodcare",76.4,100.0,PVA Paints:2.6%; Enamel:18.6%; Primers:27.5%; Waterproofing:21.1%; Woodcare:72.0%; Specialised Coatings:25.0%; QD Enamel:14.4%; Accessories:30.3%,-0.86,45.7,False
KA100,KA100,Absolute Hardware And Tools,AC,Aboo Cassim,75.5,growing,Active & Growing,🟢,3.67,4.51,4.91,100.0,0,0.0,17,0.0,8,8,"Accessories, Enamel, Floor & Roof Paints, PVA Paints, Primers, QD Enamel, Specialised Coatings, Woodcare",72.7,91.0,Enamel:9.8%; Woodcare:76.0%; QD Enamel:23.1%; Primers:25.0%; Floor & Roof Paints:6.8%; PVA Paints:1.9%; Specialised Coatings:33.3%; Accessories:6.1%,21.91,100.0,False
KS017,KS017,Femac Hyper CC ta Spaza Hyper,NP,Nikhil Panchal,74.9,growing,Active & Growing,🟢,2.0,1.67,1.33,41.8,6,1.0,3,50.0,11,10,"Accessories, Enamel, Floor & Roof Paints, PVA Paints, Primers, Putty, QD Enamel, Specialised Coatings, Waterproofing, Woodcare",94.5,90.6,Enamel:24.0%; Woodcare:76.0%; Putty:37.5%; QD Enamel:13.5%; PVA Paints:6.8%; Primers:22.5%; Specialised Coatings:8.3%; Waterproofing:15.8%; Accessories:15.2%; Floor & Roof Paints:6.8%,14.49,100.0,False
KE012,KE012,Easy Build Hardware,NP,Nikhil Panchal,74.8,growing,Active & Growing,🟢,0.67,1.5,1.5,37.5,11,1.83,37,91.7,10,10,"Accessories, Enamel, General, PVA Paints, Primers, Putty, QD Enamel, Specialised Coatings, Waterproofing, Woodcare",90.9,84.6,PVA Paints:10.0%; Enamel:23.0%; Primers:5.0%; Woodcare:64.0%; Putty:37.5%; General:27.1%; QD Enamel:8.7%; Waterproofing:10.5%; Specialised Coatings:16.7%; Accessories:9.1%,5.61,78.0,False
KM001,KM001,Mega Doors and Paint  Hardware,AC,Aboo Cassim,74.7,growing,Active & Growing,🟢,3.67,2.84,2.75,71.0,8,1.33,2,66.7,10,10,"Accessories, Enamel, Floor & Roof Paints, General, PVA Paints, Primers, Putty, QD Enamel, Specialised Coatings, Woodcare",90.9,81.5,PVA Paints:11.0%; Enamel:9.8%; Floor & Roof Paints:27.0%; Primers:22.5%; Woodcare:36.0%; Putty:37.5%; QD Enamel:13.5%; Accessories:15.2%; General:22.9%; Specialised Coatings:8.3%,-0.02,49.9,False
KP030,KP030,Platinum Rainbow Hardware,BV,Bhadresh Vallabh,74.5,growing,Active & Growing,🟢,1.0,1.34,1.83,33.5,9,1.5,30,75.0,10,10,"Accessories, Floor & Roof Paints, General, PVA Paints, Primers, Putty, QD Enamel, Specialised Coatings, Waterproofing, Woodcare",90.9,84.3,PVA Paints:2.3%; QD Enamel:27.9%; General:22.9%; Floor & Roof Paints:12.2%; Primers:7.5%; Accessories:24.2%; Woodcare:24.0%; Putty:62.5%; Specialised Coatings:16.7%; Waterproofing:10.5%,18.32,100.0,False
KD001,KD001,Dainty's Wholesale Hardware,BV,Bhadresh Vallabh,74.5,growing,Active & Growing,🟢,2.67,4.18,4.33,100.0,4,0.67,16,33.3,11,11,"Accessories, Enamel, Floor & Roof Paints, General, PVA Paints, Primers, Putty, QD Enamel, Specialised Coatings, Waterproofing, Woodcare",100.0,96.7,PVA Paints:15.2%; Enamel:30.6%; Primers:5.0%; Waterproofing:23.7%; Woodcare:56.0%; Floor & Roof Paints:28.4%; Putty:37.5%; QD Enamel:8.7%; Accessories:21.2%; General:31.2%; Specialised Coatings:8.3%,-15.06,0.0,False
KC029,KC029,Choice Build Hardware,AP,Amit Patel,73.4,growing,Active & Growing,🟢,0.67,1.34,1.25,33.5,4,0.67,29,33.3,11,11,"Accessories, Enamel, Floor & Roof Paints, General, PVA Paints, Primers, Putty, QD Enamel, Specialised Coatings, Waterproofing, Woodcare",100.0,100.0,Putty:37.5%; QD Enamel:26.0%; PVA Paints:7.8%; Enamel:20.8%; Floor & Roof Paints:39.2%; Primers:22.5%; Woodcare:84.0%; General:4.2%; Accessories:18.2%; Waterproofing:13.2%; Specialised Coatings:8.3%,18.31,100.0,False
KM027,KM027/9,RANK HARDWARE,AC,Aboo Cassim,73.2,growing,Active & Growing,🟢,1.34,1.17,1.83,29.2,29,4.83,10,100.0,10,10,"Accessories, Enamel, Floor & Roof Paints, General, PVA Paints, Primers, Putty, Specialised Coatings, Waterproofing, Woodcare",90.9,92.1,Putty:37.5%; PVA Paints:18.1%; Enamel:19.7%; Woodcare:72.0%; Accessories:9.1%; Primers:5.0%; Floor & Roof Paints:29.7%; General:12.5%; Waterproofing:18.4%; Specialised Coatings:8.3%,3.1,65.5,False
KS019,KS019,S.I. Hardware,NP,Nikhil Panchal,72.8,growing,Active & Growing,🟢,1.34,1.67,1.67,41.8,28,4.67,11,100.0,10,9,"Accessories, Enamel, General, PVA Paints, Primers, QD Enamel, Specialised Coatings, Waterproofing, Woodcare",85.5,99.9,PVA Paints:5.8%; Enamel:18.0%; Waterproofing:18.4%; Woodcare:52.0%; Accessories:18.2%; QD Enamel:24.0%; Primers:17.5%; Specialised Coatings:33.3%; General:37.5%,-0.99,45.1,False
KM027,KM027/17,Discount Hardware Kanyamazane,BV,Bhadresh Vallabh,72.6,growing,Active & Growing,🟢,0.67,0.84,0.75,21.0,29,4.83,52,100.0,9,9,"Accessories, Enamel, Floor & Roof Paints, General, PVA Paints, Primers, Putty, QD Enamel, Woodcare",81.8,85.1,PVA Paints:3.6%; Enamel:12.6%; Floor & Roof Paints:10.8%; Primers:5.0%; Putty:50.0%; General:35.4%; Accessories:21.2%; QD Enamel:4.8%; Woodcare:48.0%,12.67,100.0,False
KB012,KB012,Buy-Rite,NP,Nikhil Panchal,72.5,growing,Active & Growing,🟢,3.01,3.84,3.16,96.0,5,0.83,2,41.7,10,10,"Accessories, Enamel, Floor & Roof Paints, General, PVA Paints, Primers, QD Enamel, Specialised Coatings, Waterproofing, Woodcare",90.9,100.0,PVA Paints:16.8%; Enamel:23.5%; Primers:20.0%; Waterproofing:34.2%; Woodcare:64.0%; Accessories:30.3%; QD Enamel:16.3%; Floor & Roof Paints:20.3%; General:22.9%; Specialised Coatings:8.3%,-21.38,0.0,False
KF020,KF020,Fast Build Hardware,NP,Nikhil Panchal,72.2,growing,Active & Growing,🟢,0.67,0.5,1.25,12.5,9,1.5,29,75.0,11,10,"Accessories, Enamel, Floor & Roof Paints, General, PVA Paints, Primers, Putty, QD Enamel, Waterproofing, Woodcare",94.5,96.7,PVA Paints:12.0%; Enamel:20.8%; Floor & Roof Paints:14.9%; Waterproofing:34.2%; Woodcare:68.0%; General:10.4%; Accessories:21.2%; QD Enamel:20.2%; Putty:25.0%; Primers:15.0%,98.29,100.0,False
KB038,KB038,Bob's Hardware C.C.,AC,Aboo Cassim,72.0,growing,Active & Growing,🟢,0.67,2.0,1.92,50.0,6,1.0,2,50.0,10,10,"Accessories, Enamel, Floor & Roof Paints, General, PVA Paints, Primers, QD Enamel, Specialised Coatings, Waterproofing, Woodcare",90.9,86.7,PVA Paints:17.2%; Primers:25.0%; Enamel:31.7%; Floor & Roof Paints:20.3%; Woodcare:44.0%; General:25.0%; Waterproofing:5.3%; Specialised Coatings:33.3%; QD Enamel:5.8%; Accessories:9.1%,5.61,78.1,False
KM127,KM127,Myka Trade 2  Mankweng,BV,Bhadresh Vallabh,71.8,growing,Active & Growing,🟢,2.67,2.67,2.5,66.8,5,0.83,23,41.7,10,9,"Accessories, Enamel, Floor & Roof Paints, General, PVA Paints, Primers, Putty, QD Enamel, Woodcare",85.5,97.4,PVA Paints:9.1%; Enamel:16.9%; Woodcare:56.0%; General:27.1%; Accessories:9.1%; QD Enamel:21.2%; Primers:17.5%; Floor & Roof Paints:12.2%; Putty:50.0%,1.48,57.4,False
KP030,KP030/1,Platinum Rainbow Hardware,BV,Bhadresh Vallabh,71.2,growing,Active & Growing,🟢,0.67,1.0,1.25,25.0,9,1.5,3,75.0,11,11,"Accessories, Enamel, Floor & Roof Paints, General, PVA Paints, Primers, Putty, QD Enamel, Specialised Coatings, Waterproofing, Woodcare",100.0,58.3,PVA Paints:6.5%; Primers:7.5%; General:4.2%; Accessories:6.1%; QD Enamel:11.5%; Enamel:2.2%; Putty:37.5%; Woodcare:48.0%; Floor & Roof Paints:6.8%; Specialised Coatings:16.7%; Waterproofing:13.2%,45.33,100.0,False
KK021,KK021/1,Kit Kat Group (Pty) Ltd,NP,Nikhil Panchal,70.9,growing,Active & Growing,🟢,3.67,3.34,2.58,83.5,4,0.67,11,33.3,11,11,"Accessories, Enamel, Floor & Roof Paints, General, PVA Paints, Primers, Putty, QD Enamel, Specialised Coatings, Waterproofing, Woodcare",100.0,100.0,PVA Paints:35.0%; Enamel:26.8%; Floor & Roof Paints:33.8%; Primers:27.5%; Waterproofing:34.2%; Woodcare:80.0%; Putty:37.5%; General:45.8%; Accessories:42.4%; QD Enamel:20.2%; Specialised Coatings:25.0%,-17.52,0.0,False
KD008,KD008,Dada's World of Hardware CC,BV,Bhadresh Vallabh,70.8,growing,Active & Growing,🟢,4.01,5.01,6.0,100.0,5,0.83,9,41.7,9,9,"Accessories, Enamel, Floor & Roof Paints, General, PVA Paints, Primers, QD Enamel, Specialised Coatings, Woodcare",81.8,100.0,PVA Paints:12.0%; Enamel:32.8%; Floor & Roof Paints:23.0%; Woodcare:72.0%; General:31.2%; Primers:35.0%; QD Enamel:7.7%; Accessories:18.2%; Specialised Coatings:33.3%,-12.54,0.0,False
KA055,KA055,A K Distributors (Pty) Ltd,BV,Bhadresh Vallabh,70.8,growing,Active & Growing,🟢,4.34,4.18,4.75,100.0,5,0.83,1,41.7,9,9,"Enamel, Floor & Roof Paints, General, PVA Paints, Primers, Putty, QD Enamel, Specialised Coatings, Woodcare",81.8,100.0,Primers:20.0%; Enamel:19.7%; Specialised Coatings:41.7%; PVA Paints:1.3%; QD Enamel:16.3%; Floor & Roof Paints:13.5%; Woodcare:48.0%; General:16.7%; Putty:87.5%,-10.7,0.0,False
KB064,KB064,Builders Hyper C.C.,AC,Aboo Cassim,70.7,growing,Active & Growing,🟢,2.0,2.84,2.58,71.0,7,1.17,2,58.3,9,9,"Enamel, Floor & Roof Paints, General, PVA Paints, Primers, Putty, QD Enamel, Specialised Coatings, Woodcare",81.8,86.0,PVA Paints:6.1%; Enamel:16.4%; Primers:25.0%; Woodcare:48.0%; Specialised Coatings:16.7%; Floor & Roof Paints:6.8%; Putty:37.5%; General:31.2%; QD Enamel:5.8%,-1.02,44.9,False
KB108,KB108,Boxer Hardware,NP,Nikhil Panchal,70.5,growing,Active & Growing,🟢,2.67,3.51,3.08,87.8,5,0.83,16,41.7,10,10,"Accessories, Enamel, Floor & Roof Paints, General, PVA Paints, Primers, Putty, QD Enamel, Waterproofing, Woodcare",90.9,100.0,PVA Paints:6.8%; Enamel:18.6%; Floor & Roof Paints:20.3%; Waterproofing:31.6%; Woodcare:68.0%; Putty:75.0%; Accessories:24.2%; QD Enamel:15.4%; Primers:15.0%; General:18.8%,-27.29,0.0,False
KS019,KS019/4,S.I.Hardware,NP,Nikhil Panchal,70.2,growing,Active & Growing,🟢,1.0,1.0,1.0,25.0,28,4.67,44,100.0,9,9,"Accessories, Enamel, General, PVA Paints, Primers, QD Enamel, Specialised Coatings, Waterproofing, Woodcare",81.8,70.0,Primers:12.5%; Enamel:10.4%; Waterproofing:18.4%; Woodcare:40.0%; Specialised Coatings:16.7%; General:25.0%; Accessories:12.1%; QD Enamel:22.1%; PVA Paints:0.3%,8.53,92.6,False
KK021,KK021/4,Kit Kat Group (Pty) Ltd,NP,Nikhil Panchal,69.8,growing,Active & Growing,🟢,3.67,3.17,2.42,79.2,4,0.67,10,33.3,11,11,"Accessories, Enamel, Floor & Roof Paints, General, PVA Paints, Primers, Putty, QD Enamel, Specialised Coatings, Waterproofing, Woodcare",100.0,100.0,PVA Paints:31.4%; QD Enamel:21.2%; Enamel:18.0%; Floor & Roof Paints:27.0%; Primers:32.5%; Waterproofing:21.1%; Woodcare:84.0%; Putty:37.5%; General:50.0%; Accessories:42.4%; Specialised Coatings:16.7%,-10.45,0.0,False
KA014,KA014,Ayob's Hardware,BV,Bhadresh Vallabh,68.8,growing,Active & Growing,🟢,2.0,1.5,1.33,37.5,5,0.83,16,41.7,9,9,"Accessories, Enamel, Floor & Roof Paints, General, Primers, Putty, QD Enamel, Specialised Coatings, Woodcare",81.8,90.8,Primers:27.5%; Enamel:14.8%; Woodcare:32.0%; Putty:37.5%; General:18.8%; Accessories:15.2%; QD Enamel:10.6%; Floor & Roof Paints:23.0%; Specialised Coatings:25.0%,51.02,100.0,False
KH018,KH018,Help U Build (Pty) Ltd,AC,Aboo Cassim,68.6,growing,Active & Growing,🟢,1.0,1.34,1.25,33.5,7,1.17,51,58.3,11,9,"Accessories, Enamel, General, Primers, Putty, QD Enamel, Specialised Coatings, Waterproofing, Woodcare",89.1,64.9,QD Enamel:9.6%; Waterproofing:7.9%; Putty:37.5%; Primers:15.0%; Accessories:18.2%; General:22.9%; Enamel:2.2%; Specialised Coatings:16.7%; Woodcare:16.0%,71.58,100.0,False
KB003,KB003,New Best Build Hardware,AP,Amit Patel,68.0,growing,Active & Growing,🟢,1.0,1.5,1.83,37.5,6,1.0,16,50.0,10,10,"Accessories, Enamel, Floor & Roof Paints, General, PVA Paints, Primers, Putty, QD Enamel, Waterproofing, Woodcare",90.9,76.5,Enamel:17.5%; Primers:5.0%; Woodcare:52.0%; Putty:62.5%; General:4.2%; Accessories:18.2%; QD Enamel:8.7%; Waterproofing:15.8%; Floor & Roof Paints:4.1%; PVA Paints:3.2%,6.46,82.3,False
KS029,KS029/1,Duro Build,BV,Bhadresh Vallabh,67.9,growing,Active & Growing,🟢,1.0,1.0,0.92,25.0,10,1.67,31,83.3,9,9,"Accessories, Enamel, General, Primers, Putty, QD Enamel, Specialised Coatings, Waterproofing, Woodcare",81.8,63.8,Enamel:11.5%; Primers:10.0%; Woodcare:24.0%; Accessories:15.2%; QD Enamel:14.4%; Putty:37.5%; General:4.2%; Specialised Coatings:8.3%; Waterproofing:18.4%,36.55,100.0,False
KE008,KE008,Easy Build,NP,Nikhil Panchal,67.7,growing,Active & Growing,🟢,1.67,1.84,1.83,46.0,3,0.5,9,25.0,9,9,"Enamel, Floor & Roof Paints, General, PVA Paints, Primers, Putty, QD Enamel, Specialised Coatings, Woodcare",81.8,100.0,Primers:30.0%; Enamel:21.3%; Woodcare:84.0%; Putty:37.5%; QD Enamel:17.3%; PVA Paints:7.8%; Specialised Coatings:41.7%; Floor & Roof Paints:14.9%; General:22.9%,7.16,85.8,False
KK012,KK012,Pacfic Beach Trading 8cc,BV,Bhadresh Vallabh,67.3,growing,Active & Growing,🟢,1.34,1.17,1.0,29.2,9,1.5,8,75.0,10,10,"Accessories, Enamel, Floor & Roof Paints, General, PVA Paints, Primers, Putty, QD Enamel, Waterproofing, Woodcare",90.9,86.1,Enamel:16.4%; Putty:62.5%; Accessories:21.2%; PVA Paints:6.5%; QD Enamel:3.8%; Floor & Roof Paints:4.1%; Woodcare:56.0%; General:8.3%; Primers:7.5%; Waterproofing:28.9%,1.37,56.8,False
KO002,KO002,Omega Hardware And Supermarket,NP,Nikhil Panchal,67.3,growing,Active & Growing,🟢,1.67,2.34,1.83,58.5,5,0.83,16,41.7,10,10,"Accessories, Enamel, Floor & Roof Paints, General, PVA Paints, Primers, Putty, QD Enamel, Waterproofing, Woodcare",90.9,79.2,PVA Paints:7.4%; Enamel:12.0%; Floor & Roof Paints:14.9%; Putty:62.5%; Accessories:21.2%; Woodcare:24.0%; QD Enamel:4.8%; Primers:12.5%; Waterproofing:26.3%; General:12.5%,-0.26,48.7,False
KD003,KD003,Del Piero Trading CC,NP,Nikhil Panchal,66.9,growing,Active & Growing,🟢,2.34,3.01,3.58,75.2,5,0.83,9,41.7,11,11,"Accessories, Enamel, Floor & Roof Paints, General, PVA Paints, Primers, Putty, QD Enamel, Specialised Coatings, Waterproofing, Woodcare",100.0,69.4,Primers:10.0%; Woodcare:36.0%; General:6.2%; Accessories:12.1%; QD Enamel:21.2%; PVA Paints:1.6%; Waterproofing:28.9%; Specialised Coatings:8.3%; Enamel:16.9%; Putty:37.5%; Floor & Roof Paints:12.2%,-8.09,9.5,False
KI010,KI010,I.Build Hardware,NP,Nikhil Panchal,66.8,growing,Active & Growing,🟢,4.68,6.51,6.33,100.0,4,0.67,3,33.3,8,8,"Enamel, Floor & Roof Paints, General, PVA Paints, Primers, QD Enamel, Specialised Coatings, Woodcare",72.7,100.0,PVA Paints:14.2%; Enamel:31.7%; General:25.0%; QD Enamel:13.5%; Floor & Roof Paints:31.1%; Primers:17.5%; Woodcare:80.0%; Specialised Coatings:33.3%,-16.28,0.0,False
KA008,KA008/2,AA Hardware 2,AP,Amit Patel,66.7,growing,Active & Growing,🟢,0.67,0.67,0.5,16.8,10,1.67,16,83.3,9,8,"Accessories, Enamel, General, PVA Paints, Primers, Putty, QD Enamel, Woodcare",76.4,80.3,Enamel:6.6%; PVA Paints:0.6%; Putty:62.5%; Accessories:15.2%; QD Enamel:1.9%; Primers:7.5%; Woodcare:56.0%; General:10.4%,33.57,100.0,False
KP018,KP018/1,Khotawala 786 Traders TA,AP,Amit Patel,66.7,growing,Active & Growing,🟢,1.0,1.0,1.17,25.0,5,0.83,16,41.7,10,10,"Accessories, Enamel, Floor & Roof Paints, General, PVA Paints, Primers, Putty, QD Enamel, Waterproofing, Woodcare",90.9,91.4,PVA Paints:2.6%; Enamel:16.9%; Primers:10.0%; Waterproofing:26.3%; Woodcare:48.0%; General:20.8%; Accessories:24.2%; Putty:75.0%; Floor & Roof Paints:2.7%; QD Enamel:1.9%,7.59,88.0,False
KA050,KA050,Fountain Square Trading 129cc,AC,Aboo Cassim,66.7,growing,Active & Growing,🟢,2.0,2.0,1.75,50.0,6,1.0,38,50.0,7,6,"Accessories, Enamel, Floor & Roof Paints, PVA Paints, Waterproofing, Woodcare",58.2,94.9,PVA Paints:14.6%; Enamel:23.0%; Floor & Roof Paints:18.9%; Waterproofing:15.8%; Woodcare:64.0%; Accessories:6.1%,47.73,100.0,False
KT019,KT019,Trendleaders Trading & Inv. CC,NP,Nikhil Panchal,66.5,growing,Active & Growing,🟢,1.34,2.0,2.17,50.0,0,0.0,28,0.0,10,9,"Accessories, Enamel, Floor & Roof Paints, PVA Paints, Primers, QD Enamel, Specialised Coatings, Waterproofing, Woodcare",85.5,89.1,Floor & Roof Paints:20.3%; PVA Paints:5.5%; Primers:22.5%; Woodcare:48.0%; Accessories:27.3%; QD Enamel:23.1%; Enamel:18.6%; Specialised Coatings:16.7%; Waterproofing:18.4%,20.01,100.0,False
KL020,KL020,Light Centre,AP,Amit Patel,65.8,growing,Active & Growing,🟢,0.67,0.67,0.67,16.8,4,0.67,11,33.3,10,10,"Accessories, Enamel, Floor & Roof Paints, General, PVA Paints, Primers, Putty, QD Enamel, Waterproofing, Woodcare",90.9,95.7,Enamel:14.2%; Woodcare:56.0%; Putty:75.0%; General:20.8%; Accessories:30.3%; PVA Paints:1.9%; QD Enamel:2.9%; Waterproofing:26.3%; Floor & Roof Paints:6.8%; Primers:5.0%,13.52,100.0,False
KP002,KP002,Power Hardware,AP,Amit Patel,65.6,growing,Active & Growing,🟢,1.34,1.67,2.08,41.8,5,0.83,1,41.7,10,10,"Accessories, Enamel, Floor & Roof Paints, General, PVA Paints, Primers, Putty, QD Enamel, Waterproofing, Woodcare",90.9,100.0,Enamel:19.1%; Primers:10.0%; Woodcare:84.0%; QD Enamel:12.5%; PVA Paints:6.5%; Waterproofing:15.8%; Putty:62.5%; Accessories:12.1%; Floor & Roof Paints:6.8%; General:27.1%,-1.18,44.1,False
KL004,KL004,World Focus 1932 CC,AP,Amit Patel,65.6,growing,Active & Growing,🟢,1.67,1.84,1.92,46.0,10,1.67,11,83.3,11,11,"Accessories, Enamel, Floor & Roof Paints, General, PVA Paints, Primers, Putty, QD Enamel, Specialised Coatings, Waterproofing, Woodcare",100.0,77.2,PVA Paints:3.9%; Enamel:15.8%; Waterproofing:23.7%; Woodcare:36.0%; Putty:50.0%; General:10.4%; Accessories:30.3%; QD Enamel:7.7%; Primers:10.0%; Specialised Coatings:8.3%; Floor & Roof Paints:16.2%,-22.37,0.0,False
KP005,KP005/1,Patel (Nkomazi Imp. & Exp. CC),BV,Bhadresh Vallabh,65.0,growing,Active & Growing,🟢,1.34,1.34,1.33,33.5,23,3.83,7,100.0,10,10,"Accessories, Enamel, Floor & Roof Paints, General, PVA Paints, Primers, Putty, QD Enamel, Waterproofing, Woodcare",90.9,89.3,Primers:7.5%; Putty:62.5%; General:31.2%; Accessories:30.3%; Floor & Roof Paints:4.1%; PVA Paints:5.2%; Enamel:6.0%; Woodcare:44.0%; QD Enamel:8.7%; Waterproofing:23.7%,-8.65,6.7,False
KU008,KU008,Uzzi Hardware PTY LTD,BV,Bhadresh Vallabh,65.0,growing,Active & Growing,🟢,0.67,0.67,1.0,16.8,5,0.83,31,41.7,11,10,"Accessories, Enamel, Floor & Roof Paints, General, PVA Paints, Primers, QD Enamel, Specialised Coatings, Waterproofing, Woodcare",94.5,74.8,PVA Paints:3.6%; Enamel:10.9%; Floor & Roof Paints:12.2%; Waterproofing:18.4%; Woodcare:72.0%; Accessories:15.2%; QD Enamel:16.3%; Primers:5.0%; Specialised Coatings:16.7%; General:16.7%,29.21,100.0,False
KA038,KA038,Ace Hardware & Furniture,AP,Amit Patel,64.6,narrow,Active but Narrow,🟡,3.01,2.34,2.58,58.5,4,0.67,1,33.3,10,10,"Accessories, Enamel, Floor & Roof Paints, General, PVA Paints, Primers, Putty, QD Enamel, Waterproofing, Woodcare",90.9,78.4,PVA Paints:4.9%; Enamel:13.1%; Waterproofing:36.8%; Woodcare:32.0%; Accessories:15.2%; Putty:50.0%; General:18.8%; Floor & Roof Paints:12.2%; QD Enamel:2.9%; Primers:10.0%,-2.03,39.8,False
KS019,KS019/7,S.I.Hardware,NP,Nikhil Panchal,64.6,at_risk,At-Risk,🟠,1.0,1.17,1.17,29.2,28,4.67,3,100.0,10,10,"Accessories, Enamel, General, PVA Paints, Primers, Putty, QD Enamel, Specialised Coatings, Waterproofing, Woodcare",90.9,100.0,PVA Paints:6.5%; Enamel:13.7%; Woodcare:44.0%; Putty:37.5%; General:41.7%; Accessories:15.2%; QD Enamel:21.2%; Primers:15.0%; Waterproofing:15.8%; Specialised Coatings:66.7%,-13.01,0.0,False
KN011,KN011,Discount  HW TA Best Build,BV,Bhadresh Vallabh,64.2,narrow,Active but Narrow,🟡,0.67,0.84,0.92,21.0,12,2.0,52,100.0,9,8,"Accessories, Enamel, General, PVA Paints, Primers, Putty, QD Enamel, Woodcare",76.4,57.4,PVA Paints:6.1%; Enamel:12.0%; Putty:62.5%; General:10.4%; Woodcare:12.0%; QD Enamel:3.8%; Accessories:3.0%; Primers:5.0%,6.57,82.9,False
KB062,KB062,Board City,AC,Aboo Cassim,64.1,at_risk,At-Risk,🟠,3.34,4.34,4.0,100.0,10,1.67,3,83.3,6,6,"Enamel, Floor & Roof Paints, PVA Paints, Primers, QD Enamel, Woodcare",54.5,68.5,Woodcare:52.0%; QD Enamel:1.0%; PVA Paints:13.9%; Floor & Roof Paints:8.1%; Enamel:15.3%; Primers:12.5%,-14.12,0.0,False
KN024,KN024,Navisha Investments Pty Ltd,NP,Nikhil Panchal,63.8,narrow,Active but Narrow,🟡,1.67,2.17,2.0,54.2,4,0.67,31,33.3,8,8,"Accessories, Enamel, General, PVA Paints, Primers, Putty, Waterproofing, Woodcare",72.7,80.0,PVA Paints:3.2%; Primers:12.5%; Enamel:10.4%; Woodcare:32.0%; Putty:25.0%; General:31.2%; Waterproofing:39.5%; Accessories:6.1%,5.32,76.6,False
KS011,KS011,Star Glass & Hardware,NP,Nikhil Panchal,63.8,narrow,Active but Narrow,🟡,1.34,1.34,1.42,33.5,10,1.67,16,83.3,10,9,"Accessories, Enamel, Floor & Roof Paints, General, PVA Paints, Primers, QD Enamel, Waterproofing, Woodcare",85.5,79.3,Primers:7.5%; Enamel:20.8%; Floor & Roof Paints:4.1%; Woodcare:68.0%; Accessories:30.3%; General:6.2%; QD Enamel:9.6%; Waterproofing:31.6%; PVA Paints:0.3%,-2.82,35.9,False
KS071,KS071,Nimeshkumar General Dealers,BV,Bhadresh Vallabh,63.6,narrow,Active but Narrow,🟡,1.0,1.34,1.58,33.5,5,0.83,8,41.7,10,10,"Accessories, Enamel, Floor & Roof Paints, General, PVA Paints, Primers, QD Enamel, Specialised Coatings, Waterproofing, Woodcare",90.9,91.6,PVA Paints:7.4%; Enamel:20.8%; Floor & Roof Paints:28.4%; Waterproofing:31.6%; Woodcare:56.0%; Accessories:33.3%; QD Enamel:17.3%; Primers:17.5%; Specialised Coatings:8.3%; General:8.3%,0.65,53.2,False
KS017,KS017/1,Femac Hyper CC  ta Spaza Hyper,NP,Nikhil Panchal,63.3,narrow,Active but Narrow,🟡,1.0,1.0,1.0,25.0,6,1.0,3,50.0,10,10,"Accessories, Enamel, Floor & Roof Paints, General, PVA Paints, Primers, Putty, QD Enamel, Waterproofing, Woodcare",90.9,98.6,PVA Paints:11.3%; Enamel:26.2%; Primers:12.5%; Woodcare:76.0%; Floor & Roof Paints:14.9%; Accessories:30.3%; QD Enamel:4.8%; Putty:37.5%; General:4.2%; Waterproofing:28.9%,-0.01,50.0,False
KM155,KM155,Mr Build LTT (PTY) LTD,NP,Nikhil Panchal,63.1,at_risk,At-Risk,🟠,2.34,1.84,2.67,46.0,5,0.83,7,41.7,11,11,"Accessories, Enamel, Floor & Roof Paints, General, PVA Paints, Primers, Putty, QD Enamel, Specialised Coatings, Waterproofing, Woodcare",100.0,100.0,Enamel:14.2%; Primers:17.5%; Waterproofing:39.5%; Woodcare:72.0%; Specialised Coatings:16.7%; Accessories:36.4%; QD Enamel:13.5%; PVA Paints:8.7%; Floor & Roof Paints:9.5%; Putty:37.5%; General:18.8%,-9.48,2.6,False
KR034,KR034,Jeelani Investment TA Matanda,AP,Amit Patel,63.0,narrow,Active but Narrow,🟡,1.34,1.67,1.5,41.8,4,0.67,29,33.3,9,8,"Accessories, Enamel, General, PVA Paints, Primers, QD Enamel, Waterproofing, Woodcare",76.4,66.3,PVA Paints:3.9%; Enamel:18.0%; Accessories:15.2%; QD Enamel:6.7%; General:4.2%; Waterproofing:31.6%; Woodcare:48.0%; Primers:5.0%,9.65,98.2,False
KF028,KF028,Fayaz and Brother 891 Pty Ltd,AP,Amit Patel,63.0,narrow,Active but Narrow,🟡,1.67,1.84,1.58,46.0,5,0.83,11,41.7,10,10,"Accessories, Enamel, Floor & Roof Paints, General, PVA Paints, Primers, QD Enamel, Specialised Coatings, Waterproofing, Woodcare",90.9,63.4,Accessories:24.2%; QD Enamel:14.4%; Enamel:12.0%; Floor & Roof Paints:2.7%; Woodcare:32.0%; PVA Paints:0.6%; Specialised Coatings:33.3%; General:8.3%; Primers:10.0%; Waterproofing:21.1%,1.34,56.7,False
KH021,KH021,Ebrahim Abramjee Traders CC,AC,Aboo Cassim,62.9,narrow,Active but Narrow,🟡,5.68,4.68,5.0,100.0,1,0.17,1,8.3,5,5,"Accessories, Floor & Roof Paints, Primers, QD Enamel, Waterproofing",45.5,75.3,QD Enamel:41.3%; Waterproofing:21.1%; Primers:12.5%; Accessories:3.0%; Floor & Roof Paints:16.2%,5.57,77.8,False
KM027,KM027/4,Active Build,AC,Aboo Cassim,62.6,at_risk,At-Risk,🟠,0.33,1.17,1.0,29.2,29,4.83,87,100.0,11,10,"Accessories, Enamel, Floor & Roof Paints, General, PVA Paints, Primers, Putty, QD Enamel, Specialised Coatings, Woodcare",94.5,79.4,PVA Paints:6.1%; Primers:22.5%; Enamel:16.4%; Woodcare:44.0%; Specialised Coatings:8.3%; Floor & Roof Paints:21.6%; General:20.8%; Putty:50.0%; QD Enamel:5.8%; Accessories:3.0%,-96.5,0.0,False
KM007,KM007,Marshall Hardware & Furniture,AC,Aboo Cassim,62.2,narrow,Active but Narrow,🟡,0.67,0.67,0.67,16.8,7,1.17,37,58.3,8,8,"Accessories, Enamel, Floor & Roof Paints, General, PVA Paints, Primers, Specialised Coatings, Woodcare",72.7,83.3,PVA Paints:0.3%; Enamel:26.2%; Woodcare:68.0%; Specialised Coatings:16.7%; Floor & Roof Paints:32.4%; General:12.5%; Accessories:3.0%; Primers:7.5%,22.19,100.0,False
KS019,KS019/5,S.I.Hardware  Polokwane,NP,Nikhil Panchal,62.1,at_risk,At-Risk,🟠,1.0,1.34,2.08,33.5,28,4.67,9,100.0,10,10,"Accessories, Enamel, General, PVA Paints, Primers, Putty, QD Enamel, Specialised Coatings, Waterproofing, Woodcare",90.9,76.6,Enamel:13.1%; Primers:22.5%; Woodcare:40.0%; Putty:50.0%; Accessories:15.2%; QD Enamel:15.4%; Specialised Coatings:16.7%; Waterproofing:10.5%; PVA Paints:1.9%; General:6.2%,-13.28,0.0,False
KL034,KL034,Lucky Save 2,AP,Amit Patel,61.9,narrow,Active but Narrow,🟡,1.0,1.67,1.58,41.8,4,0.67,44,33.3,10,10,"Accessories, Enamel, Floor & Roof Paints, General, PVA Paints, Primers, Putty, QD Enamel, Waterproofing, Woodcare",90.9,59.2,PVA Paints:6.8%; Enamel:13.7%; Putty:37.5%; General:8.3%; Accessories:12.1%; QD Enamel:11.5%; Floor & Roof Paints:6.8%; Waterproofing:18.4%; Woodcare:28.0%; Primers:5.0%,3.76,68.8,False
KE005,KE005/1,Easy Build Hardware,NP,Nikhil Panchal,61.8,narrow,Active but Narrow,🟡,1.0,1.0,1.42,25.0,1,0.17,16,8.3,10,10,"Accessories, Enamel, Floor & Roof Paints, General, PVA Paints, Primers, QD Enamel, Specialised Coatings, Waterproofing, Woodcare",90.9,80.4,Enamel:25.7%; Primers:17.5%; Woodcare:72.0%; Floor & Roof Paints:10.8%; QD Enamel:11.5%; PVA Paints:11.0%; Waterproofing:2.6%; Accessories:6.1%; General:35.4%; Specialised Coatings:8.3%,37.2,100.0,False
KN034,KN034,Nu Shop hardware,AC,Aboo Cassim,61.7,at_risk,At-Risk,🟠,1.0,1.5,1.0,37.5,8,1.33,51,66.7,10,10,"Accessories, Enamel, Floor & Roof Paints, General, PVA Paints, Primers, Putty, QD Enamel, Specialised Coatings, Woodcare",90.9,100.0,PVA Paints:31.7%; Primers:30.0%; Enamel:30.6%; Floor & Roof Paints:31.1%; Woodcare:84.0%; Putty:37.5%; General:33.3%; Accessories:18.2%; QD Enamel:1.9%; Specialised Coatings:50.0%,-11.4,0.0,False
KH035,KH035,HGM Steelboys CC,BV,Bhadresh Vallabh,61.6,narrow,Active but Narrow,🟡,3.34,2.84,4.0,71.0,5,0.83,17,41.7,7,7,"Accessories, Enamel, General, PVA Paints, Primers, QD Enamel, Woodcare",63.6,23.5,Enamel:3.8%; Woodcare:4.0%; PVA Paints:1.9%; General:4.2%; Primers:12.5%; Accessories:6.1%; QD Enamel:8.7%,23.48,100.0,False
KA002,KA002,Angamia Building Material,BV,Bhadresh Vallabh,61.2,narrow,Active but Narrow,🟡,1.67,1.84,1.83,46.0,4,0.67,3,33.3,11,9,"Accessories, Enamel, Floor & Roof Paints, General, PVA Paints, QD Enamel, Specialised Coatings, Waterproofing, Woodcare",89.1,42.3,PVA Paints:4.9%; Enamel:13.7%; Woodcare:32.0%; Floor & Roof Paints:4.1%; Accessories:12.1%; QD Enamel:2.9%; General:14.6%; Specialised Coatings:8.3%; Waterproofing:2.6%,5.52,77.6,False
KA054,KA054,Al Soud Traders,AP,Amit Patel,61.1,narrow,Active but Narrow,🟡,0.67,0.84,0.83,21.0,3,0.5,32,25.0,10,10,"Accessories, Enamel, Floor & Roof Paints, General, PVA Paints, Primers, Putty, QD Enamel, Waterproofing, Woodcare",90.9,65.8,PVA Paints:7.4%; Enamel:13.7%; Accessories:12.1%; Putty:25.0%; Floor & Roof Paints:5.4%; Waterproofing:28.9%; General:4.2%; Woodcare:56.0%; QD Enamel:6.7%; Primers:5.0%,15.59,100.0,False
KM079,KM079,Mohamedys Hardware,BV,Bhadresh Vallabh,61.0,narrow,Active but Narrow,🟡,1.67,1.34,1.25,33.5,4,0.67,9,33.3,11,8,"Accessories, Enamel, Floor & Roof Paints, General, PVA Paints, Primers, Putty, Woodcare",83.6,50.5,Primers:5.0%; Woodcare:56.0%; Accessories:6.1%; PVA Paints:4.2%; Putty:25.0%; Floor & Roof Paints:1.4%; Enamel:1.1%; General:2.1%,29.1,100.0,False
KS019,KS019/3,S.I.Hardware,NP,Nikhil Panchal,60.9,at_risk,At-Risk,🟠,1.34,1.5,1.42,37.5,28,4.67,11,100.0,9,8,"Accessories, Enamel, General, PVA Paints, Primers, QD Enamel, Waterproofing, Woodcare",76.4,80.1,PVA Paints:5.2%; Enamel:16.9%; Primers:15.0%; Waterproofing:13.2%; General:12.5%; Accessories:9.1%; QD Enamel:16.3%; Woodcare:72.0%,-7.83,10.9,False
KS019,KS019/6,S.I.Hardware  Kgapane,NP,Nikhil Panchal,60.7,at_risk,At-Risk,🟠,0.67,0.84,0.75,21.0,28,4.67,8,100.0,10,9,"Accessories, Enamel, General, PVA Paints, Primers, Putty, QD Enamel, Waterproofing, Woodcare",85.5,76.0,PVA Paints:3.9%; Primers:15.0%; Enamel:10.9%; Waterproofing:5.3%; Woodcare:48.0%; Putty:37.5%; General:18.8%; Accessories:15.2%; QD Enamel:16.3%,-5.48,22.6,False
KL028,KL028,Ilanga Hardware,AC,Aboo Cassim,60.6,narrow,Active but Narrow,🟡,1.34,1.34,1.33,33.5,6,1.0,22,50.0,6,5,"Enamel, PVA Paints, Putty, Specialised Coatings, Woodcare",49.1,100.0,Enamel:22.4%; Woodcare:44.0%; Putty:50.0%; PVA Paints:0.6%; Specialised Coatings:8.3%,16.77,100.0,False
KV002,KV002,Vereeniging Builders Supplies,AC,Aboo Cassim,60.5,at_risk,At-Risk,🟠,2.67,2.51,2.5,62.7,6,1.0,8,50.0,11,10,"Accessories, Enamel, Floor & Roof Paints, General, PVA Paints, Primers, QD Enamel, Specialised Coatings, Waterproofing, Woodcare",94.5,59.7,PVA Paints:1.3%; Primers:10.0%; Enamel:15.8%; Woodcare:52.0%; QD Enamel:7.7%; Specialised Coatings:25.0%; Floor & Roof Paints:12.2%; Waterproofing:7.9%; General:8.3%; Accessories:9.1%,-10.23,0.0,False
KQ009,KQ009,Keystone Diy (PTY) LTD,NP,Nikhil Panchal,60.4,narrow,Active but Narrow,🟡,1.34,1.67,1.33,41.8,5,0.83,8,41.7,7,6,"Accessories, Enamel, PVA Paints, QD Enamel, Waterproofing, Woodcare",58.2,77.5,Enamel:15.3%; Woodcare:72.0%; Accessories:9.1%; QD Enamel:16.3%; PVA Paints:1.0%; Waterproofing:2.6%,9.46,97.3,False
KB002,KB002,Bright Build,BV,Bhadresh Vallabh,60.0,narrow,Active but Narrow,🟡,1.0,0.84,1.25,21.0,3,0.5,31,25.0,10,10,"Accessories, Enamel, Floor & Roof Paints, General, PVA Paints, Primers, Putty, QD Enamel, Waterproofing, Woodcare",90.9,86.8,Enamel:16.9%; Floor & Roof Paints:5.4%; Primers:7.5%; Woodcare:24.0%; Putty:75.0%; Accessories:33.3%; QD Enamel:18.3%; PVA Paints:6.1%; Waterproofing:26.3%; General:4.2%,4.28,71.4,False
KV005,KV005,Valencia Hardware,BV,Bhadresh Vallabh,59.9,narrow,Active but Narrow,🟡,0.67,0.84,0.75,21.0,5,0.83,7,41.7,10,10,"Accessories, Enamel, Floor & Roof Paints, General, PVA Paints, Primers, Putty, QD Enamel, Waterproofing, Woodcare",90.9,59.4,Primers:5.0%; Woodcare:40.0%; Putty:50.0%; General:10.4%; Accessories:15.2%; QD Enamel:5.8%; Enamel:1.6%; Floor & Roof Paints:4.1%; Waterproofing:15.8%; PVA Paints:0.6%,6.34,81.7,False
KH021,KH021/1,Ebrahim Abramjee Traders CC,AC,Aboo Cassim,59.8,narrow,Active but Narrow,🟡,2.67,2.84,2.5,71.0,1,0.17,35,8.3,7,7,"Accessories, Floor & Roof Paints, PVA Paints, Primers, QD Enamel, Waterproofing, Woodcare",63.6,45.0,QD Enamel:31.7%; Waterproofing:18.4%; Accessories:3.0%; Primers:7.5%; Floor & Roof Paints:13.5%; PVA Paints:0.6%; Woodcare:4.0%,13.75,100.0,False
KB013,KB013,New Bafana Bafana H Ware,AP,Amit Patel,59.7,narrow,Active but Narrow,🟡,1.0,0.67,0.75,16.8,10,1.67,31,83.3,9,9,"Accessories, Enamel, Floor & Roof Paints, General, Primers, Putty, QD Enamel, Waterproofing, Woodcare",81.8,61.2,QD Enamel:8.7%; Primers:5.0%; Woodcare:32.0%; Accessories:15.2%; Enamel:9.8%; General:4.2%; Floor & Roof Paints:4.1%; Waterproofing:21.1%; Putty:37.5%,2.44,62.2,False
KW011,KW011,Hassims Supply Store,BV,Bhadresh Vallabh,58.9,at_risk,At-Risk,🟠,2.34,3.17,3.66,79.2,4,0.67,28,33.3,7,7,"Enamel, Floor & Roof Paints, General, Primers, Putty, Specialised Coatings, Woodcare",63.6,100.0,Enamel:37.2%; General:27.1%; Specialised Coatings:16.7%; Primers:17.5%; Woodcare:40.0%; Putty:37.5%; Floor & Roof Paints:8.1%,-53.65,0.0,False
KS061,KS061,Safari Hardware & Glass,AP,Amit Patel,58.8,at_risk,At-Risk,🟠,0.33,0.33,0.42,8.2,8,1.33,43,66.7,9,8,"Accessories, Enamel, Floor & Roof Paints, General, Primers, Putty, QD Enamel, Waterproofing",76.4,59.1,Enamel:6.0%; Putty:75.0%; General:4.2%; Accessories:15.2%; QD Enamel:1.0%; Floor & Roof Paints:1.4%; Primers:5.0%; Waterproofing:10.5%,92.42,100.0,False
KM120,KM120,Mr Build Pty Ltd,BV,Bhadresh Vallabh,58.8,at_risk,At-Risk,🟠,1.0,1.0,1.5,25.0,14,2.33,23,100.0,10,9,"Accessories, Enamel, General, PVA Paints, Primers, QD Enamel, Specialised Coatings, Waterproofing, Woodcare",85.5,79.3,PVA Paints:4.2%; Enamel:14.8%; Woodcare:56.0%; General:16.7%; Accessories:24.2%; QD Enamel:4.8%; Primers:10.0%; Waterproofing:39.5%; Specialised Coatings:8.3%,-48.55,0.0,False
KM046,KM046,Motala Building Supply,BV,Bhadresh Vallabh,58.7,at_risk,At-Risk,🟠,1.67,2.34,2.17,58.5,5,0.83,9,41.7,11,10,"Accessories, Enamel, Floor & Roof Paints, General, PVA Paints, Primers, QD Enamel, Specialised Coatings, Waterproofing, Woodcare",94.5,63.4,PVA Paints:4.5%; Enamel:17.5%; Floor & Roof Paints:5.4%; Primers:10.0%; Waterproofing:23.7%; Woodcare:48.0%; General:10.4%; QD Enamel:16.3%; Accessories:6.1%; Specialised Coatings:16.7%,-26.94,0.0,False
KA090,KA090,A A Owaish Maize Depot Pty Ltd,AP,Amit Patel,58.6,narrow,Active but Narrow,🟡,1.0,1.17,1.08,29.2,4,0.67,44,33.3,10,10,"Accessories, Enamel, Floor & Roof Paints, General, PVA Paints, Primers, Putty, QD Enamel, Waterproofing, Woodcare",90.9,57.0,PVA Paints:2.9%; Enamel:3.8%; Waterproofing:21.1%; Woodcare:16.0%; Putty:62.5%; General:8.3%; Accessories:18.2%; QD Enamel:1.9%; Primers:5.0%; Floor & Roof Paints:2.7%,3.96,69.8,False
KK028,KK028,Kgapane Hardware Pty Ltd,BV,Bhadresh Vallabh,58.6,at_risk,At-Risk,🟠,1.34,1.5,1.42,37.5,4,0.67,9,33.3,11,11,"Accessories, Enamel, Floor & Roof Paints, General, PVA Paints, Primers, Putty, QD Enamel, Specialised Coatings, Waterproofing, Woodcare",100.0,95.1,Primers:10.0%; Enamel:25.1%; Floor & Roof Paints:31.1%; Woodcare:80.0%; Specialised Coatings:8.3%; Waterproofing:34.2%; Putty:37.5%; General:27.1%; PVA Paints:3.2%; QD Enamel:1.9%; Accessories:3.0%,-17.48,0.0,False
KM025,KM025,Masons Hardware,AC,Aboo Cassim,58.5,narrow,Active but Narrow,🟡,0.33,0.5,0.75,12.5,10,1.67,10,83.3,7,6,"Enamel, Floor & Roof Paints, General, QD Enamel, Specialised Coatings, Woodcare",58.2,69.5,Enamel:15.8%; QD Enamel:1.9%; Woodcare:72.0%; Floor & Roof Paints:4.1%; Specialised Coatings:8.3%; General:2.1%,18.53,100.0,False
KL004,KL004/1,World Focus 1932 CC,AP,Amit Patel,58.4,narrow,Active but Narrow,🟡,0.67,0.67,0.67,16.8,10,1.67,11,83.3,8,8,"Accessories, Enamel, General, Primers, Putty, QD Enamel, Waterproofing, Woodcare",72.7,60.4,Enamel:5.5%; Woodcare:16.0%; Putty:50.0%; Accessories:24.2%; QD Enamel:3.8%; Waterproofing:7.9%; General:8.3%; Primers:5.0%,4.37,71.9,False
KM078,KM078,Mavambe Hardware,NP,Nikhil Panchal,58.3,at_risk,At-Risk,🟠,0.67,1.17,1.0,29.2,6,1.0,29,50.0,11,9,"Accessories, Enamel, General, PVA Paints, Primers, Putty, QD Enamel, Waterproofing, Woodcare",89.1,98.5,PVA Paints:5.5%; Enamel:17.5%; Waterproofing:28.9%; Woodcare:52.0%; General:27.1%; Accessories:27.3%; QD Enamel:5.8%; Putty:50.0%; Primers:7.5%,-7.32,13.4,False
KC013,KC013,Central Building Supplies,NP,Nikhil Panchal,58.1,at_risk,At-Risk,🟠,1.34,1.17,0.92,29.2,6,1.0,37,50.0,11,10,"Accessories, Enamel, Floor & Roof Paints, General, PVA Paints, Primers, Putty, QD Enamel, Waterproofing, Woodcare",94.5,100.0,PVA Paints:17.5%; Enamel:25.1%; Floor & Roof Paints:27.0%; Primers:20.0%; Waterproofing:26.3%; Woodcare:72.0%; Putty:62.5%; General:27.1%; QD Enamel:7.7%; Accessories:12.1%,-14.2,0.0,False
KM027,KM027/7,POWER BUILD,AC,Aboo Cassim,57.8,at_risk,At-Risk,🟠,0.33,0.33,0.33,8.2,29,4.83,86,100.0,7,5,"Enamel, Primers, Putty, QD Enamel, Woodcare",52.7,66.4,Enamel:11.5%; Primers:5.0%; Putty:37.5%; QD Enamel:1.0%; Woodcare:28.0%,185.94,100.0,False
KA031,KA031,Ash Building Supplies,BV,Bhadresh Vallabh,57.6,narrow,Active but Narrow,🟡,0.67,0.67,0.92,16.8,5,0.83,28,41.7,10,9,"Accessories, Enamel, Floor & Roof Paints, General, PVA Paints, Primers, QD Enamel, Waterproofing, Woodcare",85.5,43.3,Enamel:12.0%; Primers:5.0%; Woodcare:32.0%; General:18.8%; PVA Paints:3.2%; QD Enamel:4.8%; Waterproofing:10.5%; Accessories:3.0%; Floor & Roof Paints:8.1%,10.19,100.0,False
KA008,KA008,Safu Building Material,AP,Amit Patel,57.3,at_risk,At-Risk,🟠,1.0,0.84,0.92,21.0,10,1.67,38,83.3,9,9,"Accessories, Enamel, General, PVA Paints, Primers, Putty, QD Enamel, Waterproofing, Woodcare",81.8,100.0,PVA Paints:5.8%; Enamel:14.2%; Woodcare:60.0%; Putty:75.0%; General:18.8%; Accessories:21.2%; QD Enamel:2.9%; Primers:7.5%; Waterproofing:23.7%,-9.91,0.4,False
KT034,KT034,TFS Hardware ( Qwa Qwa),NP,Nikhil Panchal,57.2,narrow,Active but Narrow,🟡,0.67,0.84,1.0,21.0,6,1.0,8,50.0,8,8,"Accessories, Enamel, Floor & Roof Paints, PVA Paints, Primers, QD Enamel, Waterproofing, Woodcare",72.7,70.2,PVA Paints:2.6%; Enamel:13.7%; Primers:15.0%; Waterproofing:36.8%; Woodcare:52.0%; QD Enamel:11.5%; Accessories:6.1%; Floor & Roof Paints:2.7%,6.09,80.5,False
KM035,KM035,Mikes Hardware,BV,Bhadresh Vallabh,57.1,narrow,Active but Narrow,🟡,0.33,0.67,1.67,16.8,4,0.67,37,33.3,9,9,"Accessories, Enamel, Floor & Roof Paints, PVA Paints, Primers, QD Enamel, Specialised Coatings, Waterproofing, Woodcare",81.8,56.0,Enamel:22.4%; Primers:7.5%; Woodcare:48.0%; QD Enamel:16.3%; Floor & Roof Paints:1.4%; Waterproofing:10.5%; Accessories:3.0%; Specialised Coatings:16.7%; PVA Paints:0.3%,98.73,100.0,False
KC012,KC012,Cassim Tayob,NP,Nikhil Panchal,57.1,at_risk,At-Risk,🟠,1.34,1.67,2.08,41.8,6,1.0,2,50.0,10,10,"Accessories, Enamel, Floor & Roof Paints, General, PVA Paints, Primers, QD Enamel, Specialised Coatings, Waterproofing, Woodcare",90.9,79.5,PVA Paints:12.0%; Primers:12.5%; Enamel:35.0%; Floor & Roof Paints:27.0%; Woodcare:72.0%; QD Enamel:9.6%; General:16.7%; Accessories:3.0%; Waterproofing:2.6%; Specialised Coatings:8.3%,-28.75,0.0,False
KB032,KB032,Bonanza Plumbing & Electrical,AP,Amit Patel,57.0,at_risk,At-Risk,🟠,0.67,0.33,0.5,8.2,4,0.67,65,33.3,11,11,"Accessories, Enamel, Floor & Roof Paints, General, PVA Paints, Primers, Putty, QD Enamel, Specialised Coatings, Waterproofing, Woodcare",100.0,82.8,PVA Paints:5.5%; Enamel:23.5%; Floor & Roof Paints:20.3%; Primers:7.5%; Waterproofing:34.2%; Woodcare:76.0%; Putty:12.5%; General:18.8%; Accessories:18.2%; QD Enamel:2.9%; Specialised Coatings:8.3%,0.0,50.0,False
KS045,KS045,Siloam Hardware,AP,Amit Patel,57.0,narrow,Active but Narrow,🟡,1.34,1.17,1.33,29.2,4,0.67,29,33.3,9,8,"Accessories, Enamel, General, PVA Paints, Primers, QD Enamel, Waterproofing, Woodcare",76.4,45.2,Accessories:12.1%; Enamel:12.6%; Primers:10.0%; QD Enamel:9.6%; PVA Paints:0.3%; Woodcare:16.0%; Waterproofing:13.2%; General:16.7%,24.84,100.0,False
KH023,KH023,Hassim's Hyper,BV,Bhadresh Vallabh,57.0,at_risk,At-Risk,🟠,1.34,1.5,1.58,37.5,4,0.67,31,33.3,11,11,"Accessories, Enamel, Floor & Roof Paints, General, PVA Paints, Primers, Putty, QD Enamel, Specialised Coatings, Waterproofing, Woodcare",100.0,84.2,Primers:25.0%; Enamel:29.0%; Floor & Roof Paints:9.5%; Accessories:33.3%; QD Enamel:1.9%; PVA Paints:3.6%; Waterproofing:23.7%; Woodcare:64.0%; Putty:25.0%; General:8.3%; Specialised Coatings:8.3%,-10.29,0.0,False
KH008,KH008,Honest Electrical & Plumbing,NP,Nikhil Panchal,56.9,narrow,Active but Narrow,🟡,0.67,0.84,1.17,21.0,3,0.5,58,25.0,9,8,"Accessories, Enamel, General, Primers, Putty, QD Enamel, Waterproofing, Woodcare",76.4,66.2,Enamel:12.6%; Woodcare:32.0%; General:10.4%; Accessories:18.2%; QD Enamel:8.7%; Putty:37.5%; Waterproofing:7.9%; Primers:5.0%,29.65,100.0,False
KB098,KB098,Bismillah Hardware,AC,Aboo Cassim,56.8,at_risk,At-Risk,🟠,1.0,1.17,0.92,29.2,8,1.33,22,66.7,9,9,"Accessories, Enamel, General, PVA Paints, Primers, Putty, QD Enamel, Waterproofing, Woodcare",81.8,100.0,PVA Paints:28.8%; Enamel:20.2%; Primers:2.5%; Waterproofing:21.1%; Woodcare:80.0%; Putty:37.5%; General:31.2%; QD Enamel:6.7%; Accessories:9.1%,-28.73,0.0,False
KS127,KS127,Star Auto Paint Kliptown,AC,Aboo Cassim,56.7,narrow,Active but Narrow,🟡,0.67,0.67,0.92,16.8,18,3.0,37,100.0,6,6,"Accessories, Enamel, Floor & Roof Paints, General, PVA Paints, Waterproofing",54.5,41.2,PVA Paints:5.8%; Enamel:22.4%; Floor & Roof Paints:14.9%; Waterproofing:10.5%; General:2.1%; Accessories:6.1%,21.44,100.0,False
KB011,KB011,Brits Hardware & Glass,BV,Bhadresh Vallabh,56.7,narrow,Active but Narrow,🟡,1.0,2.17,3.83,54.2,4,0.67,46,33.3,5,5,"Enamel, Floor & Roof Paints, PVA Paints, QD Enamel, Woodcare",45.5,63.5,Enamel:16.4%; Woodcare:48.0%; PVA Paints:5.8%; QD Enamel:3.8%; Floor & Roof Paints:5.4%,47.97,100.0,False
KN014,KN014,Norman Building Material,AC,Aboo Cassim,56.4,narrow,Active but Narrow,🟡,1.67,1.5,1.33,37.5,8,1.33,2,66.7,3,3,"Accessories, General, Putty",27.3,92.5,General:16.7%; Accessories:15.2%; Putty:37.5%,17.8,100.0,False
KA096,KA096,Alston Trading t/a Vhembe H/W,NP,Nikhil Panchal,56.2,narrow,Active but Narrow,🟡,0.67,0.67,0.83,16.8,20,3.33,53,100.0,7,6,"Accessories, Enamel, General, Primers, QD Enamel, Woodcare",58.2,51.6,Primers:5.0%; Woodcare:52.0%; General:6.2%; Accessories:12.1%; Enamel:1.1%; QD Enamel:1.0%,5.67,78.4,False
KJ038,KJ038,Jamwaria & Son's T/A Alm Spare,NP,Nikhil Panchal,56.1,at_risk,At-Risk,🟠,0.33,0.17,0.08,4.2,2,0.33,50,16.7,11,11,"Accessories, Enamel, Floor & Roof Paints, General, PVA Paints, Primers, Putty, QD Enamel, Specialised Coatings, Waterproofing, Woodcare",100.0,100.0,PVA Paints:7.1%; Primers:27.5%; Enamel:19.1%; Floor & Roof Paints:24.3%; Waterproofing:34.2%; Woodcare:84.0%; Specialised Coatings:16.7%; Putty:62.5%; General:10.4%; Accessories:24.2%; QD Enamel:16.3%,0.0,50.0,False
KA053,KA053,Archies Furniture & Hardware,NP,Nikhil Panchal,56.1,at_risk,At-Risk,🟠,2.0,1.84,1.58,46.0,5,0.83,2,41.7,10,10,"Accessories, Enamel, Floor & Roof Paints, General, PVA Paints, Primers, QD Enamel, Specialised Coatings, Waterproofing, Woodcare",90.9,68.8,Primers:25.0%; Woodcare:32.0%; Accessories:15.2%; PVA Paints:4.2%; Enamel:14.2%; Floor & Roof Paints:13.5%; General:25.0%; QD Enamel:24.0%; Waterproofing:10.5%; Specialised Coatings:8.3%,-9.02,4.9,False
KH021,KH021/2,Ebrahim Abramjee Traders CC,AC,Aboo Cassim,56.0,narrow,Active but Narrow,🟡,2.34,2.34,3.0,58.5,1,0.17,17,8.3,6,6,"Accessories, Floor & Roof Paints, Primers, QD Enamel, Specialised Coatings, Waterproofing",54.5,58.7,QD Enamel:36.5%; Waterproofing:15.8%; Accessories:3.0%; Floor & Roof Paints:9.5%; Primers:15.0%; Specialised Coatings:8.3%,19.99,100.0,False
KB109,KB109,S.R. Mullas Hardware & Superma,AC,Aboo Cassim,55.8,dormant,Dead / Dormant,🔴,0.0,0.5,0.5,12.5,6,1.0,123,30.0,8,8,"Enamel, General, PVA Paints, Primers, Putty, QD Enamel, Specialised Coatings, Woodcare",72.7,75.8,PVA Paints:4.9%; Enamel:18.0%; Woodcare:56.0%; General:18.8%; QD Enamel:4.8%; Specialised Coatings:16.7%; Primers:7.5%; Putty:25.0%,34.86,100.0,False
KQ008,KQ008,Silver Solution TA QUICK SAVE,NP,Nikhil Panchal,55.5,at_risk,At-Risk,🟠,1.0,0.84,1.0,21.0,5,0.83,16,41.7,10,10,"Accessories, Enamel, Floor & Roof Paints, General, PVA Paints, Primers, Putty, QD Enamel, Waterproofing, Woodcare",90.9,90.7,PVA Paints:4.5%; Enamel:15.3%; Waterproofing:31.6%; Woodcare:72.0%; Primers:12.5%; Putty:37.5%; General:18.8%; Accessories:18.2%; QD Enamel:9.6%; Floor & Roof Paints:6.8%,-5.87,20.7,False
KT002,KT002,Thohoyandou Hardware,NP,Nikhil Panchal,55.4,narrow,Active but Narrow,🟡,0.33,0.5,0.75,12.5,3,0.5,74,25.0,7,7,"Enamel, General, Primers, Putty, QD Enamel, Specialised Coatings, Woodcare",63.6,96.2,Enamel:15.8%; Woodcare:60.0%; Putty:37.5%; General:8.3%; QD Enamel:6.7%; Primers:15.0%; Specialised Coatings:25.0%,20.86,100.0,False
KS022,KS022,Super Blue Supermarket,BV,Bhadresh Vallabh,55.3,narrow,Active but Narrow,🟡,0.33,0.5,0.67,12.5,0,0.0,44,0.0,9,9,"Accessories, Enamel, Floor & Roof Paints, General, PVA Paints, Primers, QD Enamel, Waterproofing, Woodcare",81.8,84.0,PVA Paints:7.1%; Enamel:16.4%; Floor & Roof Paints:16.2%; Primers:5.0%; Woodcare:56.0%; General:31.2%; Accessories:30.3%; QD Enamel:5.8%; Waterproofing:21.1%,10.87,100.0,False
KD030,KD030,Desai Hardware,AC,Aboo Cassim,55.1,narrow,Active but Narrow,🟡,0.33,0.5,0.92,12.5,5,0.83,25,41.7,8,8,"Accessories, Enamel, Floor & Roof Paints, General, PVA Paints, Primers, Specialised Coatings, Woodcare",72.7,59.5,Enamel:13.7%; Specialised Coatings:8.3%; Woodcare:68.0%; Floor & Roof Paints:1.4%; General:8.3%; Primers:12.5%; PVA Paints:0.6%; Accessories:6.1%,58.12,100.0,False
KK006,KK006,Pir and Sons Trd (Kalamazoo),BV,Bhadresh Vallabh,55.0,narrow,Active but Narrow,🟡,0.67,0.67,1.42,16.8,5,0.83,31,41.7,9,9,"Accessories, Enamel, Floor & Roof Paints, General, PVA Paints, Primers, QD Enamel, Waterproofing, Woodcare",81.8,91.5,PVA Paints:4.9%; Enamel:19.7%; Floor & Roof Paints:17.6%; Primers:17.5%; Waterproofing:28.9%; Woodcare:68.0%; Accessories:21.2%; QD Enamel:13.5%; General:14.6%,-1.56,42.2,False
KT036,KT036,Tshino Hardware,AP,Amit Patel,55.0,narrow,Active but Narrow,🟡,1.0,0.84,0.58,21.0,4,0.67,53,33.3,9,8,"Accessories, Enamel, General, PVA Paints, Primers, QD Enamel, Waterproofing, Woodcare",76.4,45.9,Primers:10.0%; Enamel:8.2%; Waterproofing:10.5%; Woodcare:28.0%; PVA Paints:1.6%; General:14.6%; QD Enamel:3.8%; Accessories:15.2%,87.78,100.0,False
KH049,KH049,Home Build Hardware,NP,Nikhil Panchal,54.8,narrow,Active but Narrow,🟡,0.67,0.5,0.42,12.5,3,0.5,29,25.0,10,10,"Accessories, Enamel, Floor & Roof Paints, General, PVA Paints, Primers, Putty, QD Enamel, Waterproofing, Woodcare",90.9,65.5,PVA Paints:2.6%; Floor & Roof Paints:9.5%; General:8.3%; Accessories:15.2%; Enamel:6.0%; Waterproofing:28.9%; Woodcare:44.0%; Putty:37.5%; QD Enamel:6.7%; Primers:5.0%,4.42,72.1,False
KL022,KL022,Lucky Save Hardware,AP,Amit Patel,54.7,at_risk,At-Risk,🟠,1.67,1.17,1.58,29.2,4,0.67,11,33.3,10,10,"Accessories, Enamel, Floor & Roof Paints, General, PVA Paints, Primers, Putty, QD Enamel, Waterproofing, Woodcare",90.9,97.6,PVA Paints:6.1%; Enamel:23.0%; Floor & Roof Paints:14.9%; Primers:10.0%; Waterproofing:26.3%; Woodcare:56.0%; Putty:50.0%; Accessories:30.3%; General:18.8%; QD Enamel:8.7%,-9.32,3.4,False
KM027,KM027/25,Jane Furse Cash & Carry,BV,Bhadresh Vallabh,54.6,at_risk,At-Risk,🟠,1.0,1.0,0.5,25.0,29,4.83,11,100.0,9,9,"Accessories, Enamel, Floor & Roof Paints, PVA Paints, Primers, Putty, QD Enamel, Waterproofing, Woodcare",81.8,53.9,PVA Paints:3.2%; Enamel:12.6%; Floor & Roof Paints:6.8%; Primers:5.0%; Woodcare:32.0%; QD Enamel:4.8%; Waterproofing:13.2%; Putty:37.5%; Accessories:6.1%,-9.04,4.8,False
KE005,KE005,Easy Build Hardware,NP,Nikhil Panchal,54.6,at_risk,At-Risk,🟠,1.0,1.34,1.58,33.5,1,0.17,10,8.3,11,11,"Accessories, Enamel, Floor & Roof Paints, General, PVA Paints, Primers, Putty, QD Enamel, Specialised Coatings, Waterproofing, Woodcare",100.0,100.0,PVA Paints:23.9%; Primers:25.0%; Enamel:31.7%; Woodcare:72.0%; Floor & Roof Paints:14.9%; Putty:50.0%; QD Enamel:8.7%; Waterproofing:21.1%; Specialised Coatings:25.0%; General:37.5%; Accessories:3.0%,-25.15,0.0,False
KM064,KM064,Masons Home Hardware,AC,Aboo Cassim,54.4,narrow,Active but Narrow,🟡,1.0,1.67,1.75,41.8,1,0.17,11,8.3,9,8,"Enamel, Floor & Roof Paints, General, PVA Paints, Primers, QD Enamel, Specialised Coatings, Woodcare",76.4,87.1,PVA Paints:1.6%; Floor & Roof Paints:18.9%; Enamel:22.4%; Specialised Coatings:16.7%; Woodcare:68.0%; General:35.4%; QD Enamel:8.7%; Primers:2.5%,-1.02,44.9,False
KR018,KR018,Sonu Supermarket (Raj),BV,Bhadresh Vallabh,54.4,at_risk,At-Risk,🟠,1.34,1.0,1.25,25.0,6,1.0,8,50.0,10,10,"Accessories, Enamel, Floor & Roof Paints, General, PVA Paints, Primers, QD Enamel, Specialised Coatings, Waterproofing, Woodcare",90.9,89.3,PVA Paints:8.1%; Enamel:16.9%; Floor & Roof Paints:20.3%; Waterproofing:28.9%; Woodcare:76.0%; General:10.4%; Accessories:24.2%; QD Enamel:6.7%; Primers:15.0%; Specialised Coatings:16.7%,-13.43,0.0,False
KS019,KS019/1,S.I.Hardware,NP,Nikhil Panchal,54.3,at_risk,At-Risk,🟠,0.67,0.84,0.92,21.0,28,4.67,43,100.0,9,9,"Accessories, Enamel, General, PVA Paints, Primers, QD Enamel, Specialised Coatings, Waterproofing, Woodcare",81.8,63.3,PVA Paints:3.6%; Enamel:15.8%; Primers:20.0%; Waterproofing:10.5%; Woodcare:28.0%; Specialised Coatings:8.3%; Accessories:24.2%; General:16.7%; QD Enamel:15.4%,-29.54,0.0,False
KJ019,KJ019,Jiva Auto Paints,AC,Aboo Cassim,54.3,narrow,Active but Narrow,🟡,0.67,0.84,0.75,21.0,9,1.5,38,75.0,6,6,"Accessories, Enamel, PVA Paints, Primers, Waterproofing, Woodcare",54.5,43.3,PVA Paints:5.2%; Enamel:16.9%; Woodcare:32.0%; Waterproofing:5.3%; Accessories:3.0%; Primers:2.5%,18.44,100.0,False
KW003,KW003,Wolhuterskop Trading,BV,Bhadresh Vallabh,54.2,narrow,Active but Narrow,🟡,1.0,1.0,1.17,25.0,4,0.67,3,33.3,9,8,"Enamel, Floor & Roof Paints, General, PVA Paints, Primers, Putty, QD Enamel, Woodcare",76.4,75.3,PVA Paints:7.1%; Enamel:19.1%; Woodcare:52.0%; QD Enamel:5.8%; Primers:17.5%; Floor & Roof Paints:5.4%; Putty:37.5%; General:6.2%,1.66,58.3,False
KG011,KG011,Gani's Mining Services CC,BV,Bhadresh Vallabh,54.2,narrow,Active but Narrow,🟡,2.67,2.34,1.92,58.5,4,0.67,9,33.3,6,6,"Enamel, PVA Paints, Primers, QD Enamel, Specialised Coatings, Woodcare",54.5,38.4,Enamel:11.5%; Primers:5.0%; QD Enamel:3.8%; Woodcare:20.0%; PVA Paints:0.6%; Specialised Coatings:16.7%,6.6,83.0,False
KM127,KM127/1,Myka Trade 2 T A New Builders,BV,Bhadresh Vallabh,53.9,narrow,Active but Narrow,🟡,1.34,1.0,1.08,25.0,5,0.83,28,41.7,9,9,"Accessories, Enamel, Floor & Roof Paints, General, PVA Paints, Primers, QD Enamel, Waterproofing, Woodcare",81.8,45.6,PVA Paints:5.8%; Enamel:10.4%; Accessories:9.1%; QD Enamel:14.4%; General:16.7%; Primers:5.0%; Woodcare:28.0%; Floor & Roof Paints:5.4%; Waterproofing:7.9%,3.3,66.5,False
KP005,KP005/2,Patel (Nkomazi Imp. & Exp. CC),BV,Bhadresh Vallabh,53.9,at_risk,At-Risk,🟠,0.67,0.84,0.92,21.0,23,3.83,7,100.0,8,8,"Accessories, Enamel, General, PVA Paints, Putty, QD Enamel, Waterproofing, Woodcare",72.7,78.7,Putty:62.5%; General:12.5%; Accessories:30.3%; Woodcare:32.0%; PVA Paints:0.3%; Enamel:1.1%; Waterproofing:15.8%; QD Enamel:2.9%,-25.81,0.0,False
KB010,KB010,Beras Hardware Wholesaler,BV,Bhadresh Vallabh,53.9,at_risk,At-Risk,🟠,1.67,1.84,2.17,46.0,3,0.5,31,25.0,10,8,"Enamel, Floor & Roof Paints, General, Primers, Putty, QD Enamel, Specialised Coatings, Woodcare",80.0,97.5,Enamel:24.0%; Putty:50.0%; Primers:27.5%; Specialised Coatings:16.7%; Woodcare:60.0%; Floor & Roof Paints:2.7%; QD Enamel:3.8%; General:10.4%,-13.79,0.0,False
KA095,KA095,Akay Build And Save TA,NP,Nikhil Panchal,53.9,at_risk,At-Risk,🟠,1.34,1.5,1.5,37.5,3,0.5,38,25.0,10,9,"Accessories, Enamel, General, PVA Paints, Primers, Putty, QD Enamel, Waterproofing, Woodcare",85.5,79.0,Enamel:12.0%; Putty:37.5%; General:14.6%; QD Enamel:3.8%; Accessories:21.2%; Waterproofing:26.3%; PVA Paints:1.3%; Primers:5.0%; Woodcare:56.0%,-5.69,21.6,False
KL023,KL023,MA Hardware,AP,Amit Patel,53.3,narrow,Active but Narrow,🟡,0.33,0.67,0.75,16.8,4,0.67,29,33.3,9,9,"Accessories, Enamel, Floor & Roof Paints, General, PVA Paints, Primers, QD Enamel, Waterproofing, Woodcare",81.8,62.5,PVA Paints:2.6%; Enamel:18.6%; Woodcare:48.0%; General:6.2%; Accessories:18.2%; QD Enamel:6.7%; Waterproofing:28.9%; Primers:10.0%; Floor & Roof Paints:1.4%,3.54,67.7,False
KE035,KE035,Easytile & Sanware,NP,Nikhil Panchal,53.3,narrow,Active but Narrow,🟡,1.67,1.84,1.67,46.0,2,0.33,1,16.7,9,9,"Accessories, Enamel, General, PVA Paints, Primers, Putty, QD Enamel, Waterproofing, Woodcare",81.8,69.7,PVA Paints:14.6%; Enamel:18.6%; Woodcare:32.0%; Putty:37.5%; QD Enamel:9.6%; Waterproofing:21.1%; Accessories:3.0%; General:10.4%; Primers:10.0%,-4.3,28.5,False
KM027,KM027/18,Discount HW Homebuild,BV,Bhadresh Vallabh,53.0,at_risk,At-Risk,🟠,1.0,1.0,0.75,25.0,29,4.83,31,100.0,9,9,"Accessories, Enamel, General, PVA Paints, Primers, QD Enamel, Specialised Coatings, Waterproofing, Woodcare",81.8,48.0,Enamel:9.3%; Primers:2.5%; PVA Paints:1.0%; General:14.6%; Accessories:18.2%; QD Enamel:4.8%; Waterproofing:13.2%; Woodcare:36.0%; Specialised Coatings:8.3%,-36.21,0.0,False
KW004,KW004,Buildware ta Siam Trading,BV,Bhadresh Vallabh,52.9,narrow,Active but Narrow,🟡,1.34,1.0,1.0,25.0,4,0.67,9,33.3,6,6,"Accessories, Enamel, QD Enamel, Specialised Coatings, Waterproofing, Woodcare",54.5,91.6,Enamel:15.8%; Waterproofing:34.2%; Woodcare:48.0%; Accessories:12.1%; QD Enamel:10.6%; Specialised Coatings:16.7%,5.45,77.2,False
KM027,KM027/12,Chief Steel & Hardware,BV,Bhadresh Vallabh,52.9,narrow,Active but Narrow,🟡,1.67,1.17,1.25,29.2,29,4.83,9,100.0,6,6,"Enamel, Floor & Roof Paints, PVA Paints, Primers, QD Enamel, Woodcare",54.5,66.9,Enamel:18.6%; PVA Paints:12.0%; Primers:10.0%; Woodcare:56.0%; QD Enamel:1.0%; Floor & Roof Paints:2.7%,-4.4,28.0,False
KB025,KB025,Balkan Trading CC,AC,Aboo Cassim,52.8,at_risk,At-Risk,🟠,1.0,1.17,2.42,29.2,6,1.0,37,50.0,10,10,"Accessories, Enamel, Floor & Roof Paints, General, PVA Paints, Primers, QD Enamel, Specialised Coatings, Waterproofing, Woodcare",90.9,71.3,PVA Paints:12.9%; Enamel:15.8%; Floor & Roof Paints:24.3%; Primers:10.0%; Waterproofing:15.8%; QD Enamel:4.8%; Accessories:9.1%; Woodcare:44.0%; General:8.3%; Specialised Coatings:33.3%,-32.02,0.0,False
KK038,KK038,Kelly's Hardware,BV,Bhadresh Vallabh,52.7,narrow,Active but Narrow,🟡,0.33,0.5,0.58,12.5,4,0.67,52,33.3,9,7,"Accessories, Enamel, Floor & Roof Paints, PVA Paints, Putty, QD Enamel, Woodcare",70.9,55.5,PVA Paints:0.3%; Putty:50.0%; Accessories:9.1%; QD Enamel:11.5%; Floor & Roof Paints:1.4%; Enamel:4.9%; Woodcare:20.0%,79.25,100.0,False
KF035,KF035,Fix It Hardware,NP,Nikhil Panchal,52.6,dormant,Dead / Dormant,🔴,0.0,0.17,0.08,4.2,5,0.83,150,21.7,10,10,"Accessories, Enamel, Floor & Roof Paints, General, PVA Paints, Primers, Putty, QD Enamel, Waterproofing, Woodcare",90.9,90.0,PVA Paints:2.9%; Enamel:18.0%; Floor & Roof Paints:9.5%; Primers:10.0%; Waterproofing:31.6%; Woodcare:72.0%; Putty:25.0%; General:31.2%; Accessories:18.2%; QD Enamel:6.7%,0.0,50.0,False
KM027,KM027/5,POWER BUILD,AC,Aboo Cassim,52.5,at_risk,At-Risk,🟠,0.33,0.33,0.33,8.2,29,4.83,63,100.0,2,2,"Enamel, Putty",18.2,100.0,Enamel:16.4%; Putty:37.5%,118.32,100.0,False
KR027,KR027,Easy Hardware,AP,Amit Patel,52.5,at_risk,At-Risk,🟠,0.67,0.67,0.83,16.8,5,0.83,38,41.7,11,11,"Accessories, Enamel, Floor & Roof Paints, General, PVA Paints, Primers, Putty, QD Enamel, Specialised Coatings, Waterproofing, Woodcare",100.0,80.2,Enamel:16.4%; Waterproofing:21.1%; Woodcare:56.0%; Putty:50.0%; General:10.4%; Accessories:24.2%; QD Enamel:9.6%; Floor & Roof Paints:8.1%; Primers:7.5%; Specialised Coatings:16.7%; PVA Paints:0.6%,-92.64,0.0,False
KG027,KG027,Emgwenya Investments Pty Ltd,BV,Bhadresh Vallabh,52.5,at_risk,At-Risk,🟠,1.34,1.34,1.58,33.5,5,0.83,24,41.7,10,10,"Accessories, Enamel, Floor & Roof Paints, General, PVA Paints, Primers, QD Enamel, Specialised Coatings, Waterproofing, Woodcare",90.9,70.8,Primers:35.0%; Enamel:9.3%; Waterproofing:26.3%; Woodcare:40.0%; Accessories:24.2%; QD Enamel:8.7%; Floor & Roof Paints:12.2%; PVA Paints:0.6%; General:12.5%; Specialised Coatings:8.3%,-13.48,0.0,False
KM004,KM004/1,MAGEZI HW WHOLESALE VILLAGE,AP,Amit Patel,52.4,narrow,Active but Narrow,🟡,0.67,0.84,0.5,21.0,4,0.67,16,33.3,7,7,"Accessories, Enamel, Floor & Roof Paints, PVA Paints, Primers, QD Enamel, Woodcare",63.6,54.1,Floor & Roof Paints:8.1%; Primers:10.0%; Accessories:12.1%; PVA Paints:1.0%; QD Enamel:22.1%; Enamel:9.3%; Woodcare:32.0%,61.86,100.0,False
KP058,KP058/1,Paint Max,AC,Aboo Cassim,52.4,at_risk,At-Risk,🟠,0.33,0.33,0.5,8.2,10,1.67,37,83.3,5,4,"Enamel, PVA Paints, Putty, Woodcare",40.0,72.5,PVA Paints:10.7%; Enamel:21.3%; Putty:12.5%; Woodcare:28.0%,10.27,100.0,False
KH002,KH002,Handy Joes Hardware,BV,Bhadresh Vallabh,52.2,at_risk,At-Risk,🟠,1.34,1.84,1.58,46.0,5,0.83,9,41.7,8,8,"Enamel, Floor & Roof Paints, General, PVA Paints, Primers, QD Enamel, Specialised Coatings, Woodcare",72.7,78.4,PVA Paints:9.7%; Enamel:23.0%; Floor & Roof Paints:20.3%; Woodcare:80.0%; QD Enamel:3.8%; General:4.2%; Specialised Coatings:8.3%; Primers:7.5%,-8.86,5.7,False
KK016,KK016,Faiz Hardware (Pty) Ltd,BV,Bhadresh Vallabh,51.9,at_risk,At-Risk,🟠,1.0,0.84,1.33,21.0,5,0.83,24,41.7,10,10,"Accessories, Enamel, Floor & Roof Paints, General, PVA Paints, Primers, Putty, QD Enamel, Waterproofing, Woodcare",90.9,63.8,Enamel:7.7%; Waterproofing:21.1%; Woodcare:56.0%; PVA Paints:2.9%; Accessories:18.2%; QD Enamel:8.7%; Primers:12.5%; Floor & Roof Paints:9.5%; General:10.4%; Putty:12.5%,-5.26,23.7,False
KB071,KB071,Inshebe Props 216 Pty Ltd,NP,Nikhil Panchal,51.8,at_risk,At-Risk,🟠,1.67,1.84,1.67,46.0,0,0.0,7,0.0,10,10,"Accessories, Enamel, Floor & Roof Paints, General, PVA Paints, Primers, Putty, QD Enamel, Waterproofing, Woodcare",90.9,87.2,PVA Paints:6.8%; Enamel:12.6%; Waterproofing:23.7%; Woodcare:64.0%; Putty:25.0%; Accessories:27.3%; General:35.4%; QD Enamel:11.5%; Primers:5.0%; Floor & Roof Paints:6.8%,-31.11,0.0,False
KR008,KR008,Shingwedzi B.M.CC,NP,Nikhil Panchal,51.8,at_risk,At-Risk,🟠,1.34,1.34,1.42,33.5,4,0.67,9,33.3,11,7,"Accessories, Enamel, General, PVA Paints, Putty, Waterproofing, Woodcare",78.2,100.0,Putty:75.0%; General:18.8%; PVA Paints:1.0%; Enamel:6.6%; Waterproofing:18.4%; Woodcare:56.0%; Accessories:15.2%,-16.46,0.0,False
KM159,KM159,MTS Hardware,AC,Aboo Cassim,51.8,at_risk,At-Risk,🟠,1.0,1.17,1.25,29.2,5,0.83,25,41.7,8,7,"Enamel, Floor & Roof Paints, General, PVA Paints, Primers, Specialised Coatings, Woodcare",67.3,99.0,Primers:10.0%; Enamel:21.3%; Floor & Roof Paints:20.3%; Woodcare:84.0%; Specialised Coatings:33.3%; PVA Paints:2.3%; General:2.1%,-5.75,21.2,False
KA058,KA058,Acornhoek Hardware,BV,Bhadresh Vallabh,51.7,at_risk,At-Risk,🟠,1.67,1.34,1.42,33.5,2,0.33,4,16.7,9,9,"Accessories, Enamel, Floor & Roof Paints, General, PVA Paints, Primers, QD Enamel, Waterproofing, Woodcare",81.8,100.0,Floor & Roof Paints:17.6%; PVA Paints:8.4%; Enamel:26.2%; Primers:15.0%; Waterproofing:34.2%; Woodcare:76.0%; General:29.2%; Accessories:45.5%; QD Enamel:5.8%,-8.31,8.5,False
KM027,KM027/20,Discount Hardware,BV,Bhadresh Vallabh,51.6,at_risk,At-Risk,🟠,0.33,0.84,0.58,21.0,29,4.83,63,100.0,8,8,"Accessories, Enamel, General, PVA Paints, Primers, QD Enamel, Waterproofing, Woodcare",72.7,63.8,Enamel:14.2%; Primers:10.0%; Woodcare:28.0%; General:20.8%; Accessories:24.2%; QD Enamel:16.3%; PVA Paints:8.7%; Waterproofing:5.3%,-55.69,0.0,False
KE010,KE010,Easy Build Soweto,NP,Nikhil Panchal,51.5,at_risk,At-Risk,🟠,0.67,1.17,1.0,29.2,2,0.33,17,16.7,11,9,"Enamel, Floor & Roof Paints, General, PVA Paints, Primers, Putty, QD Enamel, Specialised Coatings, Woodcare",89.1,100.0,PVA Paints:10.0%; Primers:20.0%; Enamel:27.9%; Woodcare:84.0%; Floor & Roof Paints:13.5%; General:33.3%; Putty:37.5%; QD Enamel:8.7%; Specialised Coatings:16.7%,-21.36,0.0,False
KT005,KT005,Delli 786 TATshaulu HW,AP,Amit Patel,51.4,at_risk,At-Risk,🟠,1.0,0.67,0.75,16.8,5,0.83,11,41.7,10,10,"Accessories, Enamel, Floor & Roof Paints, General, PVA Paints, Primers, Putty, QD Enamel, Waterproofing, Woodcare",90.9,91.2,Enamel:15.8%; Putty:75.0%; General:14.6%; QD Enamel:1.9%; PVA Paints:2.9%; Primers:7.5%; Waterproofing:21.1%; Woodcare:52.0%; Accessories:30.3%; Floor & Roof Paints:6.8%,-25.69,0.0,False
KS061,KS061/1,SAFARI HARDWARE,AP,Amit Patel,51.3,narrow,Active but Narrow,🟡,0.67,0.67,0.75,16.8,8,1.33,11,66.7,8,8,"Accessories, Enamel, General, Primers, Putty, QD Enamel, Waterproofing, Woodcare",72.7,70.2,Enamel:7.1%; Woodcare:28.0%; Putty:75.0%; Accessories:18.2%; QD Enamel:2.9%; General:4.2%; Primers:2.5%; Waterproofing:2.6%,-3.7,31.5,False
KM152,KM152,Mkhwenyana Hardware,NP,Nikhil Panchal,51.3,at_risk,At-Risk,🟠,1.0,0.84,0.75,21.0,3,0.5,44,25.0,10,10,"Accessories, Enamel, Floor & Roof Paints, General, PVA Paints, Primers, Putty, QD Enamel, Waterproofing, Woodcare",90.9,100.0,PVA Paints:13.3%; Enamel:13.1%; Floor & Roof Paints:18.9%; Primers:7.5%; Waterproofing:21.1%; Accessories:18.2%; QD Enamel:4.8%; Woodcare:84.0%; Putty:62.5%; General:8.3%,-74.26,0.0,False
KB100,KB100,Builders Direct Depot Pty Ltd,NP,Nikhil Panchal,51.2,at_risk,At-Risk,🟠,1.34,1.67,1.5,41.8,2,0.33,31,16.7,9,9,"Accessories, Enamel, General, PVA Paints, Primers, Putty, QD Enamel, Waterproofing, Woodcare",81.8,91.2,PVA Paints:7.8%; Primers:15.0%; Enamel:16.4%; Woodcare:48.0%; General:27.1%; QD Enamel:15.4%; Accessories:9.1%; Waterproofing:28.9%; Putty:37.5%,-16.86,0.0,False
KD004,KD004,Discount Hardware,BV,Bhadresh Vallabh,51.1,at_risk,At-Risk,🟠,0.33,0.84,1.0,21.0,5,0.83,44,41.7,10,9,"Accessories, Enamel, Floor & Roof Paints, General, PVA Paints, Putty, QD Enamel, Waterproofing, Woodcare",85.5,93.2,PVA Paints:6.1%; Enamel:15.3%; Waterproofing:28.9%; Woodcare:52.0%; Putty:50.0%; Accessories:27.3%; General:14.6%; QD Enamel:4.8%; Floor & Roof Paints:10.8%,-95.76,0.0,False
KP058,KP058,Paint Max,AC,Aboo Cassim,51.0,narrow,Active but Narrow,🟡,0.67,0.5,0.42,12.5,10,1.67,35,83.3,5,4,"Enamel, PVA Paints, Putty, Woodcare",40.0,55.6,PVA Paints:9.1%; Enamel:18.0%; Woodcare:16.0%; Putty:12.5%,26.93,100.0,False
KQ011,KQ011,Quick Solutions,AC,Aboo Cassim,50.9,narrow,Active but Narrow,🟡,1.67,2.17,2.08,54.2,0,0.0,8,0.0,8,7,"Accessories, Enamel, Floor & Roof Paints, PVA Paints, Primers, QD Enamel, Specialised Coatings",67.3,14.2,PVA Paints:3.9%; Specialised Coatings:8.3%; Enamel:2.2%; Accessories:3.0%; Floor & Roof Paints:1.4%; Primers:5.0%; QD Enamel:1.0%,20.27,100.0,False
KR008,KR008/2,WONDERBUILD HARDWARE,NP,Nikhil Panchal,50.9,at_risk,At-Risk,🟠,1.34,1.5,1.42,37.5,4,0.67,16,33.3,9,9,"Accessories, Enamel, General, PVA Paints, Primers, Putty, QD Enamel, Waterproofing, Woodcare",81.8,79.8,PVA Paints:4.2%; Enamel:18.0%; Waterproofing:13.2%; Woodcare:60.0%; General:16.7%; Accessories:15.2%; QD Enamel:4.8%; Putty:37.5%; Primers:10.0%,-34.09,0.0,False
KA030,KA030,Hassan & Sons Hardware,AC,Aboo Cassim,50.6,narrow,Active but Narrow,🟡,0.33,0.67,0.67,16.8,6,1.0,24,50.0,7,7,"Accessories, Enamel, Floor & Roof Paints, General, PVA Paints, Putty, Woodcare",63.6,32.3,PVA Paints:1.3%; Enamel:3.3%; Putty:37.5%; Floor & Roof Paints:5.4%; Woodcare:4.0%; General:2.1%; Accessories:3.0%,48.94,100.0,False
KS038,KS038,Sams Hardware,AC,Aboo Cassim,50.6,at_risk,At-Risk,🟠,0.33,0.33,0.42,8.2,6,1.0,63,50.0,9,6,"Accessories, Enamel, Floor & Roof Paints, General, PVA Paints, Woodcare",65.5,42.7,PVA Paints:3.9%; Enamel:8.7%; Woodcare:20.0%; General:27.1%; Floor & Roof Paints:1.4%; Accessories:3.0%,42.37,100.0,False
KB046,KB046/1,Powerbuild Express,AP,Amit Patel,50.6,narrow,Active but Narrow,🟡,0.67,0.5,0.25,12.5,5,0.83,32,41.7,8,8,"Accessories, Enamel, Floor & Roof Paints, PVA Paints, Primers, QD Enamel, Waterproofing, Woodcare",72.7,29.6,QD Enamel:7.7%; PVA Paints:4.2%; Enamel:3.3%; Floor & Roof Paints:9.5%; Primers:5.0%; Waterproofing:5.3%; Woodcare:12.0%; Accessories:12.1%,162.01,100.0,False
KA109,KA109,Arham @ Melrose Hardware,AC,Aboo Cassim,50.6,at_risk,At-Risk,🟠,0.33,0.17,0.25,4.2,6,1.0,50,50.0,9,9,"Accessories, Enamel, Floor & Roof Paints, PVA Paints, Primers, QD Enamel, Specialised Coatings, Waterproofing, Woodcare",81.8,66.4,PVA Paints:8.7%; Floor & Roof Paints:14.9%; Primers:22.5%; Enamel:7.7%; Woodcare:36.0%; Specialised Coatings:33.3%; QD Enamel:3.8%; Waterproofing:10.5%; Accessories:12.1%,0.0,50.0,False
KD028,KD028,Del Piero Trading CC,BV,Bhadresh Vallabh,50.6,at_risk,At-Risk,🟠,1.0,1.17,1.5,29.2,5,0.83,28,41.7,9,9,"Accessories, Enamel, Floor & Roof Paints, General, PVA Paints, Primers, Putty, QD Enamel, Woodcare",81.8,83.7,PVA Paints:4.5%; Enamel:14.2%; Primers:20.0%; Woodcare:40.0%; Accessories:6.1%; QD Enamel:14.4%; Floor & Roof Paints:16.2%; General:10.4%; Putty:62.5%,-36.28,0.0,False
KC023,KC023,Choice Hardware & Electrical,BV,Bhadresh Vallabh,50.5,at_risk,At-Risk,🟠,0.67,1.0,1.0,25.0,4,0.67,37,33.3,10,10,"Accessories, Enamel, Floor & Roof Paints, General, PVA Paints, Primers, Putty, QD Enamel, Waterproofing, Woodcare",90.9,79.8,PVA Paints:6.8%; Enamel:16.9%; Woodcare:44.0%; Accessories:18.2%; QD Enamel:5.8%; Floor & Roof Paints:18.9%; Putty:37.5%; Waterproofing:34.2%; Primers:2.5%; General:14.6%,-25.44,0.0,False
KH005,KH005,HMG Wholesalers,AP,Amit Patel,50.5,at_risk,At-Risk,🟠,1.0,0.84,0.92,21.0,5,0.83,1,41.7,11,11,"Accessories, Enamel, Floor & Roof Paints, General, PVA Paints, Primers, Putty, QD Enamel, Specialised Coatings, Waterproofing, Woodcare",100.0,60.0,Primers:12.5%; Floor & Roof Paints:1.4%; Enamel:7.7%; Woodcare:36.0%; Putty:37.5%; Accessories:24.2%; PVA Paints:4.2%; QD Enamel:5.8%; Waterproofing:21.1%; Specialised Coatings:8.3%; General:6.2%,-12.37,0.0,False
KL032,KL032,Mala Hardware ta Limpopo HW,NP,Nikhil Panchal,50.5,at_risk,At-Risk,🟠,1.34,1.34,1.33,33.5,5,0.83,38,41.7,10,9,"Accessories, Enamel, General, PVA Paints, Primers, Putty, QD Enamel, Waterproofing, Woodcare",85.5,68.0,Enamel:13.1%; Primers:10.0%; Accessories:18.2%; QD Enamel:13.5%; Putty:37.5%; General:18.8%; PVA Paints:0.6%; Waterproofing:13.2%; Woodcare:28.0%,-20.79,0.0,False
KN024,KN024/2,Navisha Investments Pty Ltd,NP,Nikhil Panchal,50.4,narrow,Active but Narrow,🟡,0.67,0.5,0.5,12.5,4,0.67,31,33.3,8,8,"Accessories, Enamel, General, PVA Paints, Primers, Putty, Waterproofing, Woodcare",72.7,68.5,PVA Paints:2.9%; Primers:10.0%; Enamel:8.7%; Waterproofing:39.5%; Woodcare:28.0%; Putty:25.0%; General:16.7%; Accessories:6.1%,3.59,68.0,False
KH034,KH034,HOME BUILD,NP,Nikhil Panchal,50.3,narrow,Active but Narrow,🟡,1.0,0.67,1.08,16.8,0,0.0,16,0.0,8,8,"Accessories, Enamel, General, PVA Paints, Putty, QD Enamel, Waterproofing, Woodcare",72.7,62.0,Enamel:12.0%; PVA Paints:1.6%; QD Enamel:1.9%; Woodcare:32.0%; General:18.8%; Waterproofing:23.7%; Accessories:9.1%; Putty:25.0%,116.57,100.0,False
KA104,KA104,All in One Hardware,BV,Bhadresh Vallabh,50.2,narrow,Active but Narrow,🟡,0.67,0.5,0.33,12.5,2,0.33,36,16.7,11,7,"Accessories, Enamel, Floor & Roof Paints, PVA Paints, Primers, QD Enamel, Specialised Coatings",78.2,41.0,Enamel:4.4%; Floor & Roof Paints:12.2%; Primers:10.0%; Specialised Coatings:16.7%; Accessories:6.1%; QD Enamel:19.2%; PVA Paints:3.2%,56.12,100.0,False
KS127,KS127/1,Auto Paint Centre Westonarea,AC,Aboo Cassim,50.1,narrow,Active but Narrow,🟡,0.67,0.67,0.83,16.8,18,3.0,7,100.0,5,5,"Accessories, Enamel, Floor & Roof Paints, PVA Paints, Waterproofing",45.5,39.8,PVA Paints:6.1%; Enamel:17.5%; Floor & Roof Paints:12.2%; Waterproofing:7.9%; Accessories:6.1%,5.06,75.3,False
KP025,KP025,Platinum Auto Paints,AC,Aboo Cassim,49.9,narrow,Active but Narrow,🟡,1.34,1.84,2.67,46.0,5,0.83,37,41.7,5,5,"Accessories, Enamel, Floor & Roof Paints, PVA Paints, Waterproofing",45.5,47.8,Enamel:21.3%; PVA Paints:16.8%; Waterproofing:13.2%; Accessories:3.0%; Floor & Roof Paints:5.4%,5.15,75.8,False
KS050,KS050,Sheffield Paints & Hardware,AC,Aboo Cassim,49.4,narrow,Active but Narrow,🟡,2.34,2.17,2.83,54.2,4,0.67,4,33.3,8,6,"Accessories, Enamel, Floor & Roof Paints, PVA Paints, Waterproofing, Woodcare",61.8,38.6,PVA Paints:6.5%; Enamel:9.3%; Woodcare:28.0%; Floor & Roof Paints:2.7%; Waterproofing:5.3%; Accessories:6.1%,-1.24,43.8,False
KM043,KM043,Goldville SM  ta Meem H/War,AP,Amit Patel,49.3,narrow,Active but Narrow,🟡,0.67,0.84,0.83,21.0,0,0.0,58,0.0,8,8,"Accessories, Enamel, General, PVA Paints, Primers, QD Enamel, Specialised Coatings, Woodcare",72.7,48.3,PVA Paints:3.2%; Enamel:6.0%; Primers:2.5%; Woodcare:28.0%; Specialised Coatings:25.0%; General:8.3%; Accessories:12.1%; QD Enamel:11.5%,22.29,100.0,False
KG030,KG030,Grootvlei Hardware,NP,Nikhil Panchal,49.2,dormant,Dead / Dormant,🔴,0.0,0.17,0.17,4.2,1,0.17,176,0.0,10,10,"Accessories, Enamel, Floor & Roof Paints, General, PVA Paints, Primers, Putty, QD Enamel, Waterproofing, Woodcare",90.9,89.0,PVA Paints:11.3%; Enamel:8.2%; Floor & Roof Paints:14.9%; Waterproofing:28.9%; Woodcare:48.0%; Putty:37.5%; General:43.8%; Accessories:21.2%; Primers:5.0%; QD Enamel:3.8%,0.0,50.0,False
KS026,KS026,S.A. Hardware,NP,Nikhil Panchal,49.0,at_risk,At-Risk,🟠,0.67,0.84,0.75,21.0,7,1.17,35,58.3,9,8,"Accessories, Enamel, Floor & Roof Paints, General, PVA Paints, Putty, Waterproofing, Woodcare",76.4,80.8,Enamel:3.3%; Floor & Roof Paints:5.4%; Waterproofing:18.4%; Woodcare:44.0%; Putty:62.5%; Accessories:18.2%; PVA Paints:1.6%; General:8.3%,-15.02,0.0,False
KS129,KS129,Siza Bantu Mkhwenyana Hardware,NP,Nikhil Panchal,49.0,at_risk,At-Risk,🟠,0.67,1.17,1.25,29.2,3,0.5,35,25.0,9,9,"Accessories, Enamel, Floor & Roof Paints, General, PVA Paints, Primers, QD Enamel, Waterproofing, Woodcare",81.8,89.2,PVA Paints:4.9%; Enamel:20.8%; Primers:17.5%; Waterproofing:21.1%; Woodcare:84.0%; Accessories:18.2%; QD Enamel:9.6%; Floor & Roof Paints:12.2%; General:12.5%,-31.4,0.0,False
KM022,KM022,Makhumi S Market TA Mambose H,AP,Amit Patel,48.8,narrow,Active but Narrow,🟡,0.33,0.5,0.33,12.5,0,0.0,16,0.0,9,9,"Accessories, Enamel, Floor & Roof Paints, General, PVA Paints, Primers, QD Enamel, Waterproofing, Woodcare",81.8,41.1,PVA Paints:1.6%; Enamel:7.7%; Accessories:6.1%; QD Enamel:11.5%; Woodcare:28.0%; Primers:2.5%; General:12.5%; Floor & Roof Paints:6.8%; Waterproofing:15.8%,38.05,100.0,False
KI006,KI006,Iqbals Welding Shop,AC,Aboo Cassim,48.7,narrow,Active but Narrow,🟡,3.01,2.34,2.83,58.5,1,0.17,16,8.3,6,5,"Accessories, Floor & Roof Paints, Primers, QD Enamel, Waterproofing",49.1,20.9,Primers:7.5%; QD Enamel:5.8%; Waterproofing:2.6%; Accessories:6.1%; Floor & Roof Paints:4.1%,40.64,100.0,False
KM027,KM027/1,IMFA HARDWARE,AC,Aboo Cassim,48.6,narrow,Active but Narrow,🟡,0.67,1.0,0.83,25.0,29,4.83,38,100.0,2,1,Enamel,12.7,56.8,Enamel:14.2%,10.1,100.0,False
KE030,KE030,Express Mall @ 85,AC,Aboo Cassim,48.3,at_risk,At-Risk,🟠,2.67,2.0,1.08,50.0,1,0.17,1,8.3,8,8,"Accessories, Enamel, Floor & Roof Paints, PVA Paints, Primers, QD Enamel, Waterproofing, Woodcare",72.7,62.0,PVA Paints:5.8%; Enamel:10.4%; Waterproofing:18.4%; QD Enamel:5.8%; Accessories:3.0%; Primers:15.0%; Woodcare:56.0%; Floor & Roof Paints:9.5%,-5.47,22.7,False
KP009,KP009,Payless Hardware,BV,Bhadresh Vallabh,48.3,at_risk,At-Risk,🟠,1.0,0.84,0.83,21.0,4,0.67,4,33.3,9,9,"Accessories, Enamel, Floor & Roof Paints, General, PVA Paints, Primers, QD Enamel, Waterproofing, Woodcare",81.8,80.4,PVA Paints:6.5%; Enamel:25.1%; Floor & Roof Paints:18.9%; Primers:5.0%; Woodcare:72.0%; General:14.6%; Accessories:18.2%; QD Enamel:4.8%; Waterproofing:15.8%,-8.03,9.8,False
KB086,KB086,Best Build Hardware  Elim,AP,Amit Patel,48.0,narrow,Active but Narrow,🟡,1.0,0.5,0.5,12.5,5,0.83,16,41.7,8,4,"General, PVA Paints, Putty, Woodcare",50.9,55.6,PVA Paints:3.9%; Putty:37.5%; General:6.2%; Woodcare:8.0%,46.35,100.0,False
KC054,KC054,Choice Build Matanda,AP,Amit Patel,47.9,at_risk,At-Risk,🟠,1.34,1.34,1.42,33.5,5,0.83,11,41.7,9,8,"Accessories, Enamel, Floor & Roof Paints, General, PVA Paints, QD Enamel, Waterproofing, Woodcare",76.4,69.3,PVA Paints:6.8%; Enamel:11.5%; Floor & Roof Paints:16.2%; Woodcare:64.0%; Accessories:15.2%; QD Enamel:2.9%; General:6.2%; Waterproofing:15.8%,-12.92,0.0,False
KS021,KS021,Shalom Hardware,AP,Amit Patel,47.6,at_risk,At-Risk,🟠,0.33,0.33,0.42,8.2,4,0.67,37,33.3,8,8,"Enamel, Floor & Roof Paints, General, PVA Paints, Primers, QD Enamel, Specialised Coatings, Woodcare",72.7,93.4,Primers:17.5%; Enamel:28.4%; Specialised Coatings:25.0%; Woodcare:68.0%; Floor & Roof Paints:8.1%; General:35.4%; PVA Paints:0.6%; QD Enamel:3.8%,-3.64,31.8,False
KB046,KB046,Bhana and Shikh General Dealer,AP,Amit Patel,47.6,dormant,Dead / Dormant,🔴,0.0,0.17,0.67,4.2,5,0.83,116,21.7,10,9,"Accessories, Enamel, Floor & Roof Paints, General, PVA Paints, Primers, QD Enamel, Waterproofing, Woodcare",85.5,67.4,PVA Paints:4.9%; Enamel:14.2%; Floor & Roof Paints:23.0%; QD Enamel:15.4%; Primers:7.5%; Accessories:18.2%; Woodcare:48.0%; General:2.1%; Waterproofing:18.4%,0.0,50.0,False
KB101,KB101,Berario Hardware & Tool,BV,Bhadresh Vallabh,47.4,narrow,Active but Narrow,🟡,0.67,0.84,0.92,21.0,2,0.33,4,16.7,7,7,"Accessories, Enamel, PVA Paints, Primers, QD Enamel, Waterproofing, Woodcare",63.6,37.2,Enamel:4.9%; PVA Paints:0.3%; Accessories:21.2%; Primers:7.5%; Woodcare:24.0%; QD Enamel:1.9%; Waterproofing:5.3%,34.23,100.0,False
KI015,KI015/1,Iskcon Steel,NP,Nikhil Panchal,47.3,narrow,Active but Narrow,🟡,1.67,1.67,1.67,41.8,5,0.83,7,41.7,4,4,"Accessories, Enamel, Primers, QD Enamel",36.4,51.6,QD Enamel:23.1%; Enamel:4.9%; Primers:17.5%; Accessories:6.1%,5.87,79.3,False
KL009,KL009,Low Cost Hardware,NP,Nikhil Panchal,47.3,at_risk,At-Risk,🟠,1.0,1.0,0.92,25.0,4,0.67,9,33.3,10,8,"Accessories, Enamel, General, PVA Paints, Primers, Putty, Waterproofing, Woodcare",80.0,80.3,Enamel:4.9%; Waterproofing:15.8%; Putty:62.5%; Accessories:18.2%; PVA Paints:0.6%; Woodcare:52.0%; Primers:2.5%; General:4.2%,-28.09,0.0,False
KT007,KT007,Tourist Bazaar,BV,Bhadresh Vallabh,47.3,dormant,Dead / Dormant,🔴,0.0,0.17,0.5,4.2,3,0.5,155,5.0,11,10,"Accessories, Enamel, Floor & Roof Paints, General, PVA Paints, Primers, Putty, QD Enamel, Specialised Coatings, Woodcare",94.5,64.3,PVA Paints:1.6%; Enamel:9.8%; Floor & Roof Paints:8.1%; Woodcare:28.0%; General:35.4%; Accessories:18.2%; Specialised Coatings:33.3%; Putty:12.5%; QD Enamel:3.8%; Primers:10.0%,0.0,50.0,False
KV021,KV021,Vaal Auto Paints,AC,Aboo Cassim,47.3,at_risk,At-Risk,🟠,1.34,2.51,1.25,62.7,7,1.17,57,58.3,5,5,"Accessories, Floor & Roof Paints, PVA Paints, Putty, Waterproofing",45.5,48.8,PVA Paints:12.6%; Floor & Roof Paints:6.8%; Putty:25.0%; Waterproofing:10.5%; Accessories:6.1%,-7.47,12.6,False
KA095,KA095/1,Sure Build,AP,Amit Patel,47.3,narrow,Active but Narrow,🟡,0.67,0.5,0.33,12.5,3,0.5,16,25.0,8,8,"Accessories, Enamel, General, PVA Paints, Primers, QD Enamel, Waterproofing, Woodcare",72.7,24.4,Enamel:4.9%; Primers:5.0%; Woodcare:16.0%; General:6.2%; PVA Paints:0.3%; Accessories:9.1%; QD Enamel:1.9%; Waterproofing:5.3%,13.52,100.0,False
KA008,KA008/1,AA Hardware 3,AP,Amit Patel,47.3,at_risk,At-Risk,🟠,0.33,0.17,0.17,4.2,10,1.67,58,83.3,9,7,"Accessories, Enamel, General, PVA Paints, Primers, QD Enamel, Woodcare",70.9,33.3,PVA Paints:0.6%; Enamel:4.4%; Primers:2.5%; Woodcare:20.0%; General:16.7%; Accessories:12.1%; QD Enamel:1.9%,0.0,50.0,False
KP025,KP025/1,Platinum Auto Paints,AC,Aboo Cassim,47.1,narrow,Active but Narrow,🟡,1.34,1.0,0.58,25.0,5,0.83,22,41.7,5,5,"Accessories, Enamel, Floor & Roof Paints, PVA Paints, Waterproofing",45.5,39.6,PVA Paints:7.4%; Enamel:23.0%; Floor & Roof Paints:10.8%; Waterproofing:5.3%; Accessories:3.0%,33.92,100.0,False
KA111,KA111,Akoob Group PTY (LTD),AC,Aboo Cassim,47.0,at_risk,At-Risk,🟠,0.67,1.67,1.58,41.8,4,0.67,56,33.3,8,8,"Accessories, Enamel, Floor & Roof Paints, General, PVA Paints, Putty, QD Enamel, Woodcare",72.7,63.9,PVA Paints:12.9%; Enamel:17.5%; Woodcare:56.0%; Floor & Roof Paints:2.7%; Putty:12.5%; General:4.2%; Accessories:18.2%; QD Enamel:3.8%,-9.75,1.2,False
KM071,KM071,Inyameko Trading 1605,NP,Nikhil Panchal,47.0,narrow,Active but Narrow,🟡,1.34,2.0,2.08,50.0,5,0.83,44,41.7,4,4,"Accessories, Enamel, Primers, QD Enamel",36.4,66.6,Enamel:14.2%; Accessories:6.1%; QD Enamel:28.8%; Primers:17.5%,-0.17,49.1,False
KS080,KS080,Sehlware (Pty) Ltd,AP,Amit Patel,46.9,at_risk,At-Risk,🟠,0.33,0.84,0.83,21.0,4,0.67,32,33.3,9,9,"Accessories, Enamel, General, PVA Paints, Primers, Putty, QD Enamel, Waterproofing, Woodcare",81.8,81.1,Putty:62.5%; Accessories:24.2%; Waterproofing:15.8%; PVA Paints:3.6%; Enamel:14.2%; Primers:5.0%; Woodcare:48.0%; General:6.2%; QD Enamel:2.9%,-22.2,0.0,False
KG006,KG006,Gulmohur Building Supplies P L,NP,Nikhil Panchal,46.9,at_risk,At-Risk,🟠,1.0,1.0,1.08,25.0,4,0.67,31,33.3,11,9,"Enamel, General, PVA Paints, Primers, Putty, QD Enamel, Specialised Coatings, Waterproofing, Woodcare",89.1,59.6,PVA Paints:4.5%; Enamel:13.1%; Primers:12.5%; Waterproofing:13.2%; Woodcare:40.0%; QD Enamel:2.9%; Putty:25.0%; General:14.6%; Specialised Coatings:8.3%,-32.46,0.0,False
KP005,KP005/4,Patel (Nkomazi Imp. & Exp. CC),BV,Bhadresh Vallabh,46.6,at_risk,At-Risk,🟠,1.34,0.84,1.0,21.0,23,3.83,4,100.0,7,7,"Accessories, Floor & Roof Paints, General, PVA Paints, Primers, QD Enamel, Waterproofing",63.6,48.5,Primers:5.0%; Waterproofing:2.6%; General:31.2%; Accessories:21.2%; QD Enamel:5.8%; PVA Paints:12.3%; Floor & Roof Paints:6.8%,-17.86,0.0,False
KM160,KM160,Mr Build Musina (PTY) LTD,AP,Amit Patel,46.6,at_risk,At-Risk,🟠,0.67,0.84,1.08,21.0,1,0.17,11,8.3,10,10,"Accessories, Enamel, Floor & Roof Paints, General, PVA Paints, Primers, QD Enamel, Specialised Coatings, Waterproofing, Woodcare",90.9,85.4,Primers:22.5%; Enamel:15.3%; Waterproofing:39.5%; Woodcare:52.0%; Floor & Roof Paints:14.9%; General:10.4%; Accessories:21.2%; QD Enamel:12.5%; PVA Paints:8.4%; Specialised Coatings:16.7%,-29.06,0.0,False
KN026,KN026,New South Building Supplies,AC,Aboo Cassim,46.5,narrow,Active but Narrow,🟡,0.33,0.5,0.67,12.5,4,0.67,60,33.3,7,7,"Accessories, Enamel, PVA Paints, Primers, Putty, QD Enamel, Specialised Coatings",63.6,28.7,Specialised Coatings:8.3%; PVA Paints:0.6%; QD Enamel:4.8%; Primers:17.5%; Accessories:6.1%; Putty:12.5%; Enamel:0.5%,20.8,100.0,False
KM071,KM071/1,Inyameko Trading 1605cc,NP,Nikhil Panchal,46.3,at_risk,At-Risk,🟠,2.67,2.67,2.5,66.8,5,0.83,9,41.7,4,4,"Accessories, Enamel, Primers, QD Enamel",36.4,59.6,QD Enamel:24.0%; Enamel:12.0%; Primers:17.5%; Accessories:6.1%,-5.35,23.3,False
KE023,KE023,Easy Build Hardware Jubilee,NP,Nikhil Panchal,46.3,at_risk,At-Risk,🟠,1.0,1.34,2.0,33.5,1,0.17,9,8.3,9,8,"Enamel, General, PVA Paints, Primers, Putty, QD Enamel, Specialised Coatings, Woodcare",76.4,88.7,PVA Paints:19.7%; Enamel:19.1%; Primers:10.0%; Woodcare:52.0%; Specialised Coatings:16.7%; Putty:25.0%; QD Enamel:7.7%; General:27.1%,-9.41,2.9,False
KM109,KM109,Mullas  Hardware,AC,Aboo Cassim,46.2,at_risk,At-Risk,🟠,0.67,0.67,1.42,16.8,7,1.17,46,58.3,9,6,"Enamel, General, Primers, QD Enamel, Specialised Coatings, Woodcare",65.5,90.6,Enamel:7.7%; Woodcare:80.0%; General:2.1%; QD Enamel:14.4%; Primers:15.0%; Specialised Coatings:16.7%,-20.93,0.0,False
KM110,KM110,Alex Hardware,NP,Nikhil Panchal,46.1,at_risk,At-Risk,🟠,0.33,0.5,0.42,12.5,5,0.83,51,41.7,10,9,"Accessories, Enamel, Floor & Roof Paints, General, PVA Paints, Primers, Putty, QD Enamel, Waterproofing",85.5,73.6,Enamel:14.2%; Primers:22.5%; Waterproofing:26.3%; QD Enamel:7.7%; Accessories:9.1%; Putty:50.0%; General:25.0%; Floor & Roof Paints:9.5%; PVA Paints:1.3%,-75.17,0.0,False
KN018,KN018,Naaz Hardware & Furniture,AP,Amit Patel,45.9,at_risk,At-Risk,🟠,0.33,1.34,1.08,33.5,3,0.5,85,25.0,10,9,"Accessories, Enamel, Floor & Roof Paints, General, PVA Paints, Primers, Putty, QD Enamel, Waterproofing",85.5,54.1,PVA Paints:3.6%; Waterproofing:18.4%; Putty:37.5%; Accessories:21.2%; Primers:10.0%; Enamel:4.9%; Floor & Roof Paints:5.4%; QD Enamel:12.5%; General:8.3%,-20.97,0.0,False
KE009,KE009,Easy Build,NP,Nikhil Panchal,45.8,at_risk,At-Risk,🟠,1.0,1.17,1.5,29.2,0,0.0,23,0.0,9,8,"Enamel, General, PVA Paints, Primers, Putty, QD Enamel, Specialised Coatings, Woodcare",76.4,100.0,PVA Paints:12.9%; Enamel:20.8%; Primers:7.5%; Woodcare:68.0%; Specialised Coatings:16.7%; Putty:37.5%; QD Enamel:9.6%; General:35.4%,-9.19,4.0,False
KM070,KM070,Max Hardware,AP,Amit Patel,45.5,narrow,Active but Narrow,🟡,0.33,0.5,0.67,12.5,2,0.33,74,16.7,8,7,"Accessories, Enamel, General, PVA Paints, QD Enamel, Waterproofing, Woodcare",67.3,30.9,Waterproofing:15.8%; Accessories:18.2%; Enamel:6.6%; PVA Paints:0.3%; QD Enamel:1.0%; Woodcare:8.0%; General:4.2%,26.65,100.0,False
KM027,KM027/19,Discount HW,AP,Amit Patel,45.4,at_risk,At-Risk,🟠,0.33,0.33,0.42,8.2,29,4.83,84,100.0,8,8,"Accessories, Enamel, Floor & Roof Paints, General, PVA Paints, Primers, QD Enamel, Woodcare",72.7,43.9,PVA Paints:4.9%; Primers:5.0%; General:8.3%; Accessories:6.1%; QD Enamel:5.8%; Floor & Roof Paints:6.8%; Enamel:10.9%; Woodcare:40.0%,-65.1,0.0,False
KT003,KT003,Thanda Bantu Masakhane,BV,Bhadresh Vallabh,45.2,narrow,Active but Narrow,🟡,0.33,0.5,0.42,12.5,4,0.67,66,33.3,6,6,"Accessories, Enamel, PVA Paints, Primers, Waterproofing, Woodcare",54.5,38.0,Accessories:12.1%; PVA Paints:3.6%; Enamel:5.5%; Woodcare:28.0%; Primers:2.5%; Waterproofing:5.3%,34.72,100.0,False
KM061,KM061,Manish Naran,AC,Aboo Cassim,45.2,narrow,Active but Narrow,🟡,1.67,1.0,1.08,25.0,0,0.0,45,0.0,7,3,"Enamel, PVA Paints, Woodcare",41.8,76.3,Enamel:16.9%; Woodcare:40.0%; PVA Paints:0.3%,53.1,100.0,False
KR008,KR008/1,BUDGET HARDWARE,NP,Nikhil Panchal,45.2,at_risk,At-Risk,🟠,1.0,1.34,1.42,33.5,4,0.67,16,33.3,9,9,"Accessories, Enamel, Floor & Roof Paints, General, PVA Paints, Primers, Putty, QD Enamel, Woodcare",81.8,48.8,PVA Paints:3.6%; Putty:75.0%; General:8.3%; Accessories:6.1%; QD Enamel:1.9%; Enamel:4.4%; Woodcare:4.0%; Floor & Roof Paints:1.4%; Primers:5.0%,-33.17,0.0,False
KA090,KA090/1,A A Owaish Maize Depot Pty Ltd,NP,Nikhil Panchal,45.2,at_risk,At-Risk,🟠,1.0,1.0,0.67,25.0,4,0.67,16,33.3,8,8,"Accessories, Enamel, Floor & Roof Paints, General, PVA Paints, Putty, QD Enamel, Waterproofing",72.7,81.2,Putty:75.0%; Accessories:6.1%; General:27.1%; PVA Paints:2.3%; Enamel:13.7%; Floor & Roof Paints:5.4%; QD Enamel:3.8%; Waterproofing:28.9%,-48.27,0.0,False
KM012,KM012/1,Hardware City,BV,Bhadresh Vallabh,45.1,at_risk,At-Risk,🟠,0.33,0.17,0.25,4.2,13,2.17,8,100.0,5,5,"Enamel, General, PVA Paints, Primers, QD Enamel",45.5,52.6,PVA Paints:3.9%; Primers:10.0%; Enamel:15.8%; General:6.2%; QD Enamel:29.8%,0.0,50.0,False
KG022,KG022,Rosendal Hardware & Building M,AP,Amit Patel,45.0,at_risk,At-Risk,🟠,0.33,0.33,0.25,8.2,2,0.33,25,16.7,10,10,"Accessories, Enamel, Floor & Roof Paints, General, PVA Paints, Primers, Putty, QD Enamel, Waterproofing, Woodcare",90.9,88.1,Enamel:10.9%; Primers:10.0%; Waterproofing:36.8%; Woodcare:76.0%; Putty:37.5%; General:14.6%; Accessories:24.2%; PVA Paints:2.9%; QD Enamel:1.9%; Floor & Roof Paints:5.4%,-68.89,0.0,False
KC056,KC056,Cheap Cheap Hardware,AP,Amit Patel,44.9,narrow,Active but Narrow,🟡,0.67,0.5,0.33,12.5,2,0.33,57,16.7,7,7,"Accessories, Enamel, Floor & Roof Paints, General, PVA Paints, QD Enamel, Waterproofing",63.6,34.5,PVA Paints:4.9%; Enamel:10.4%; Floor & Roof Paints:6.8%; Waterproofing:15.8%; QD Enamel:2.9%; Accessories:9.1%; General:10.4%,10.02,100.0,False
KM165,KM165,M.A. HARDWARE,NP,Nikhil Panchal,44.9,at_risk,At-Risk,🟠,0.33,0.17,0.08,4.2,2,0.33,66,16.7,7,7,"Accessories, Enamel, General, PVA Paints, QD Enamel, Waterproofing, Woodcare",63.6,98.5,PVA Paints:5.5%; Enamel:15.3%; Waterproofing:34.2%; Woodcare:80.0%; General:12.5%; Accessories:18.2%; QD Enamel:6.7%,0.0,50.0,False
KB066,KB066,Bala & Sons ta BNS Supermark,BV,Bhadresh Vallabh,44.8,dormant,Dead / Dormant,🔴,0.0,0.17,0.25,4.2,5,0.83,101,21.7,10,9,"Accessories, Enamel, General, PVA Paints, Primers, Putty, QD Enamel, Waterproofing, Woodcare",85.5,48.7,Enamel:3.3%; General:14.6%; Accessories:12.1%; PVA Paints:0.6%; QD Enamel:1.9%; Primers:2.5%; Waterproofing:21.1%; Woodcare:16.0%; Putty:37.5%,0.0,50.0,False
KC021,KC021,Choice Hardware & Electrical,AP,Amit Patel,44.8,at_risk,At-Risk,🟠,0.67,0.5,0.58,12.5,4,0.67,11,33.3,9,9,"Accessories, Enamel, Floor & Roof Paints, General, PVA Paints, Primers, Putty, QD Enamel, Woodcare",81.8,80.8,PVA Paints:2.9%; Enamel:18.0%; Floor & Roof Paints:1.4%; Putty:37.5%; General:20.8%; Accessories:24.2%; Primers:10.0%; QD Enamel:2.9%; Woodcare:64.0%,-61.28,0.0,False
KR008,KR008/3,RANK HARDWARE & FURNITURE,NP,Nikhil Panchal,44.6,dormant,Dead / Dormant,🔴,0.0,0.17,0.67,4.2,4,0.67,164,13.3,9,9,"Accessories, Enamel, Floor & Roof Paints, General, PVA Paints, Putty, QD Enamel, Waterproofing, Woodcare",81.8,63.5,PVA Paints:1.6%; Enamel:6.6%; Woodcare:20.0%; Putty:75.0%; General:8.3%; Accessories:9.1%; QD Enamel:1.0%; Floor & Roof Paints:5.4%; Waterproofing:15.8%,0.0,50.0,False
KB112,KB112,Big On HW ta Phutas Mica Pain,NP,Nikhil Panchal,44.4,dormant,Dead / Dormant,🔴,0.0,0.17,0.42,4.2,7,1.17,163,38.3,6,6,"Accessories, Enamel, Primers, QD Enamel, Specialised Coatings, Woodcare",54.5,91.8,QD Enamel:14.4%; Enamel:23.5%; Primers:5.0%; Woodcare:72.0%; Specialised Coatings:16.7%; Accessories:6.1%,0.0,50.0,False
KB071,KB071/1,Intshebe Props 216 Pty Ltd,NP,Nikhil Panchal,44.2,at_risk,At-Risk,🟠,1.67,1.34,1.83,33.5,0,0.0,7,0.0,9,9,"Accessories, Enamel, General, PVA Paints, Primers, QD Enamel, Specialised Coatings, Waterproofing, Woodcare",81.8,75.1,General:10.4%; PVA Paints:8.1%; Enamel:20.8%; Waterproofing:28.9%; Woodcare:48.0%; Accessories:27.3%; QD Enamel:9.6%; Primers:7.5%; Specialised Coatings:8.3%,-47.59,0.0,False
KA115,KA115,Amin Supermarket T/A Ayat HW,AP,Amit Patel,43.9,dormant,Dead / Dormant,🔴,0.0,0.17,0.08,4.2,0,0.0,120,0.0,9,9,"Accessories, Enamel, Floor & Roof Paints, General, PVA Paints, Primers, Putty, QD Enamel, Woodcare",81.8,72.2,PVA Paints:5.8%; Enamel:7.1%; Floor & Roof Paints:8.1%; Primers:12.5%; Woodcare:56.0%; Putty:50.0%; General:6.2%; Accessories:9.1%; QD Enamel:7.7%,0.0,50.0,False
KE024,KE024,East End General Dealer,BV,Bhadresh Vallabh,43.8,at_risk,At-Risk,🟠,0.33,0.5,0.42,12.5,5,0.83,3,41.7,9,8,"Accessories, Enamel, General, PVA Paints, Primers, QD Enamel, Waterproofing, Woodcare",76.4,76.5,PVA Paints:7.8%; Enamel:16.4%; Waterproofing:13.2%; Woodcare:56.0%; Primers:7.5%; Accessories:12.1%; General:18.8%; QD Enamel:21.2%,-37.22,0.0,False
KD029,KD029,Door to Door Trade 1005 CC,NP,Nikhil Panchal,43.7,at_risk,At-Risk,🟠,0.67,0.5,0.42,12.5,3,0.5,16,25.0,11,10,"Accessories, Enamel, Floor & Roof Paints, General, Primers, Putty, QD Enamel, Specialised Coatings, Waterproofing, Woodcare",94.5,48.0,Enamel:3.3%; Primers:7.5%; QD Enamel:2.9%; Waterproofing:26.3%; Woodcare:12.0%; Accessories:15.2%; Floor & Roof Paints:2.7%; Putty:37.5%; General:4.2%; Specialised Coatings:8.3%,-8.34,8.3,False
KM065,KM065,Mega Hardware,BV,Bhadresh Vallabh,43.7,narrow,Active but Narrow,🟡,0.33,0.67,0.42,16.8,3,0.5,53,25.0,7,4,"Floor & Roof Paints, General, Primers, Specialised Coatings",47.3,44.0,Specialised Coatings:16.7%; General:16.7%; Floor & Roof Paints:8.1%; Primers:2.5%,29.69,100.0,False
KH013,KH013,Henque 3481 CC,BV,Bhadresh Vallabh,43.6,at_risk,At-Risk,🟠,0.67,0.5,0.75,12.5,5,0.83,28,41.7,10,10,"Accessories, Enamel, Floor & Roof Paints, General, PVA Paints, Primers, QD Enamel, Specialised Coatings, Waterproofing, Woodcare",90.9,46.4,Enamel:13.7%; General:18.8%; PVA Paints:2.3%; QD Enamel:4.8%; Waterproofing:18.4%; Woodcare:28.0%; Accessories:6.1%; Floor & Roof Paints:8.1%; Primers:7.5%; Specialised Coatings:8.3%,-42.63,0.0,False
KL035,KL035,Lucky Domestic Hardware,NP,Nikhil Panchal,43.5,at_risk,At-Risk,🟠,1.0,0.84,0.92,21.0,5,0.83,9,41.7,8,8,"Accessories, Enamel, General, Primers, Putty, QD Enamel, Specialised Coatings, Woodcare",72.7,67.8,Enamel:16.9%; Primers:12.5%; Woodcare:36.0%; Putty:37.5%; Accessories:6.1%; QD Enamel:5.8%; General:4.2%; Specialised Coatings:16.7%,-33.23,0.0,False
KS012,KS012,Solly's Hardware (Oxford),BV,Bhadresh Vallabh,43.3,at_risk,At-Risk,🟠,0.67,0.67,0.75,16.8,4,0.67,7,33.3,10,5,"Enamel, Primers, QD Enamel, Specialised Coatings, Woodcare",63.6,100.0,Primers:15.0%; Enamel:23.0%; Woodcare:68.0%; QD Enamel:15.4%; Specialised Coatings:8.3%,-16.76,0.0,False
KO009,KO009,One Price Store,NP,Nikhil Panchal,42.9,narrow,Active but Narrow,🟡,0.33,0.84,0.92,21.0,1,0.17,45,8.3,6,6,"Accessories, Enamel, General, PVA Paints, Waterproofing, Woodcare",54.5,68.2,Enamel:9.8%; Waterproofing:15.8%; Woodcare:48.0%; General:12.5%; PVA Paints:7.1%; Accessories:9.1%,3.15,65.7,False
KV001,KV001,Vuwani Hardware & Furniture cc,AP,Amit Patel,42.8,at_risk,At-Risk,🟠,0.33,0.17,0.33,4.2,2,0.33,88,16.7,9,8,"Accessories, Enamel, General, PVA Paints, Primers, Putty, QD Enamel, Woodcare",76.4,59.0,Primers:2.5%; Putty:62.5%; Accessories:9.1%; QD Enamel:2.9%; PVA Paints:1.6%; Enamel:3.3%; Woodcare:32.0%; General:4.2%,0.0,50.0,False
KS129,KT129,Siza Bantu Mkhwenyana Hardware,NP,Nikhil Panchal,42.7,at_risk,At-Risk,🟠,0.33,0.33,0.17,8.2,3,0.5,35,25.0,6,6,"Accessories, Enamel, Floor & Roof Paints, Primers, Waterproofing, Woodcare",54.5,39.7,Floor & Roof Paints:6.8%; Primers:7.5%; Waterproofing:15.8%; Accessories:6.1%; Enamel:3.3%; Woodcare:20.0%,9.4,97.0,False
KN024,KN024/1,Navisha Investments Pty Ltd,NP,Nikhil Panchal,42.6,at_risk,At-Risk,🟠,0.67,1.0,1.08,25.0,4,0.67,77,33.3,8,8,"Accessories, Enamel, General, PVA Paints, Primers, Putty, Waterproofing, Woodcare",72.7,63.6,PVA Paints:1.9%; Enamel:9.8%; Waterproofing:36.8%; Woodcare:20.0%; Putty:25.0%; General:20.8%; Accessories:3.0%; Primers:10.0%,-15.62,0.0,False
KM087,KM087,Mangera's Hardware City,AP,Amit Patel,42.5,at_risk,At-Risk,🟠,1.0,1.0,1.0,25.0,4,0.67,32,33.3,8,8,"Accessories, Enamel, Floor & Roof Paints, PVA Paints, Primers, Putty, QD Enamel, Waterproofing",72.7,54.9,PVA Paints:6.5%; Enamel:11.5%; Waterproofing:18.4%; Putty:37.5%; Accessories:15.2%; QD Enamel:14.4%; Floor & Roof Paints:1.4%; Primers:5.0%,-8.39,8.1,False
KS007,KS007,Star Hardware,AP,Amit Patel,42.3,dormant,Dead / Dormant,🔴,0.0,0.17,0.17,4.2,5,0.83,163,21.7,8,7,"Accessories, Enamel, General, PVA Paints, Primers, QD Enamel, Woodcare",67.3,68.4,Enamel:12.0%; Woodcare:72.0%; Accessories:9.1%; PVA Paints:1.6%; Primers:5.0%; General:10.4%; QD Enamel:9.6%,0.0,50.0,False
KI015,KI015,Iskcon Steel,NP,Nikhil Panchal,42.3,narrow,Active but Narrow,🟡,2.0,2.0,1.67,50.0,5,0.83,9,41.7,4,4,"Accessories, Enamel, Primers, QD Enamel",36.4,49.1,Primers:15.0%; Accessories:9.1%; QD Enamel:21.2%; Enamel:3.8%,-2.98,35.1,False
KG004,KG004,Gani Osman Hardware (Pty) Ltd,NP,Nikhil Panchal,42.0,narrow,Active but Narrow,🟡,0.33,0.67,0.83,16.8,5,0.83,60,41.7,8,7,"Enamel, Floor & Roof Paints, PVA Paints, Primers, QD Enamel, Specialised Coatings, Woodcare",67.3,47.4,PVA Paints:6.1%; Enamel:10.9%; Woodcare:24.0%; Primers:5.0%; Specialised Coatings:25.0%; Floor & Roof Paints:8.1%; QD Enamel:3.8%,-4.36,28.2,False
KS044,KS044,Sayed's Ind Supplies Pty Ltd,AC,Aboo Cassim,41.9,narrow,Active but Narrow,🟡,0.33,0.5,0.33,12.5,4,0.67,65,33.3,7,7,"Enamel, Floor & Roof Paints, PVA Paints, Primers, QD Enamel, Specialised Coatings, Woodcare",63.6,60.1,PVA Paints:2.6%; Enamel:16.9%; Primers:5.0%; Woodcare:60.0%; Floor & Roof Paints:2.7%; Specialised Coatings:8.3%; QD Enamel:9.6%,-2.44,37.8,False
KB035,KB035,Amoriscape Pty Ltd,AC,Aboo Cassim,41.8,at_risk,At-Risk,🟠,1.0,1.17,1.67,29.2,5,0.83,24,41.7,9,8,"Accessories, Enamel, Floor & Roof Paints, PVA Paints, Primers, QD Enamel, Waterproofing, Woodcare",76.4,35.5,QD Enamel:17.3%; PVA Paints:1.6%; Primers:17.5%; Waterproofing:5.3%; Woodcare:8.0%; Accessories:18.2%; Enamel:0.5%; Floor & Roof Paints:2.7%,-28.43,0.0,False
KE018,KE018,Thamarah Pty Ltd,AC,Aboo Cassim,41.7,narrow,Active but Narrow,🟡,3.67,3.01,2.42,75.2,0,0.0,10,0.0,4,4,"Accessories, Enamel, PVA Paints, Woodcare",36.4,39.3,PVA Paints:8.7%; Woodcare:24.0%; Accessories:6.1%; Enamel:0.5%,-1.93,40.4,False
KR036,KR036,Royal Water Pty Ltd,NP,Nikhil Panchal,41.7,dormant,Dead / Dormant,🔴,0.0,0.17,0.17,4.2,2,0.33,148,0.0,8,8,"Enamel, General, PVA Paints, Primers, Putty, QD Enamel, Waterproofing, Woodcare",72.7,75.4,PVA Paints:4.2%; Enamel:11.5%; Primers:5.0%; Woodcare:52.0%; Putty:25.0%; General:16.7%; Waterproofing:31.6%; QD Enamel:4.8%,0.0,50.0,False
KM004,KM004,Magezi Hardware,AP,Amit Patel,41.2,at_risk,At-Risk,🟠,0.33,1.0,1.08,25.0,4,0.67,44,33.3,7,7,"Accessories, Enamel, General, PVA Paints, Primers, QD Enamel, Woodcare",63.6,72.6,Enamel:27.9%; Primers:10.0%; Woodcare:48.0%; Accessories:9.1%; PVA Paints:1.0%; QD Enamel:26.9%; General:4.2%,-41.21,0.0,False
KB093,KB093/1,Baskid Nondabuya General Trd,NP,Nikhil Panchal,41.1,at_risk,At-Risk,🟠,0.67,0.67,1.08,16.8,3,0.5,35,25.0,9,9,"Accessories, Enamel, Floor & Roof Paints, General, PVA Paints, Primers, QD Enamel, Waterproofing, Woodcare",81.8,57.2,PVA Paints:10.4%; Enamel:10.9%; Waterproofing:31.6%; Accessories:12.1%; QD Enamel:14.4%; Floor & Roof Paints:16.2%; Primers:5.0%; Woodcare:24.0%; General:4.2%,-47.36,0.0,False
KM098,KM098,Mahriya General Trading CC,AP,Amit Patel,40.8,at_risk,At-Risk,🟠,0.33,0.5,0.5,12.5,5,0.83,60,41.7,9,9,"Accessories, Enamel, Floor & Roof Paints, PVA Paints, Primers, Putty, QD Enamel, Waterproofing, Woodcare",81.8,45.9,PVA Paints:1.9%; Enamel:13.1%; Waterproofing:23.7%; Woodcare:16.0%; QD Enamel:2.9%; Floor & Roof Paints:9.5%; Primers:5.0%; Putty:25.0%; Accessories:6.1%,-20.1,0.0,False
KN024,KN024/8,Navisha Investments Pty Ltd,NP,Nikhil Panchal,40.8,at_risk,At-Risk,🟠,1.0,0.67,0.5,16.8,4,0.67,31,33.3,8,8,"Accessories, Enamel, General, PVA Paints, Primers, Putty, Waterproofing, Woodcare",72.7,65.2,PVA Paints:1.6%; Enamel:9.8%; Primers:10.0%; Waterproofing:26.3%; Woodcare:32.0%; Putty:25.0%; General:16.7%; Accessories:9.1%,-60.3,0.0,False
KN024,KN024/5,Navisha Investments Pty Ltd,NP,Nikhil Panchal,40.7,at_risk,At-Risk,🟠,0.33,0.17,0.25,4.2,4,0.67,31,33.3,7,7,"Accessories, Enamel, General, PVA Paints, Putty, Waterproofing, Woodcare",63.6,53.6,PVA Paints:2.6%; Enamel:7.1%; Waterproofing:18.4%; Woodcare:20.0%; Putty:25.0%; Accessories:6.1%; General:14.6%,0.0,50.0,False
KM027,KM027/14,Chief Steel & HW,BV,Bhadresh Vallabh,40.7,at_risk,At-Risk,🟠,0.33,0.17,0.17,4.2,29,4.83,16,100.0,3,3,"Enamel, PVA Paints, Woodcare",27.3,59.7,PVA Paints:7.1%; Enamel:13.7%; Woodcare:24.0%,0.0,50.0,False
KC041,KC041,Central Build It,AC,Aboo Cassim,40.5,at_risk,At-Risk,🟠,2.0,1.5,1.67,37.5,6,1.0,10,50.0,6,6,"Enamel, Floor & Roof Paints, PVA Paints, QD Enamel, Waterproofing, Woodcare",54.5,38.9,QD Enamel:8.7%; PVA Paints:4.9%; Enamel:4.9%; Floor & Roof Paints:5.4%; Waterproofing:10.5%; Woodcare:24.0%,-8.06,9.7,False
KN024,KN024/4,Navisha Investments Pty Ltd,NP,Nikhil Panchal,40.5,at_risk,At-Risk,🟠,0.67,0.84,0.67,21.0,4,0.67,31,33.3,8,8,"Accessories, Enamel, General, PVA Paints, Primers, Putty, Waterproofing, Woodcare",72.7,56.0,PVA Paints:2.3%; Enamel:6.6%; Waterproofing:26.3%; Woodcare:20.0%; Putty:25.0%; Accessories:6.1%; General:20.8%; Primers:5.0%,-21.78,0.0,False
KC032,KC032,Cheers Supermarket,BV,Bhadresh Vallabh,40.2,dormant,Dead / Dormant,🔴,0.0,0.17,0.25,4.2,5,0.83,101,21.7,8,8,"Accessories, Enamel, General, PVA Paints, Primers, QD Enamel, Waterproofing, Woodcare",72.7,43.6,PVA Paints:2.6%; Enamel:5.5%; Waterproofing:15.8%; Accessories:18.2%; QD Enamel:1.9%; Primers:5.0%; Woodcare:32.0%; General:6.2%,0.0,50.0,False
KF008,KF008,Faroque General Trading PL,BV,Bhadresh Vallabh,40.2,narrow,Active but Narrow,🟡,0.67,1.0,0.75,25.0,0,0.0,35,0.0,8,8,"Accessories, Enamel, General, PVA Paints, Primers, QD Enamel, Waterproofing, Woodcare",72.7,24.6,PVA Paints:1.6%; Primers:5.0%; Enamel:3.3%; Woodcare:16.0%; Waterproofing:7.9%; Accessories:3.0%; General:10.4%; QD Enamel:1.9%,1.24,56.2,False
KA080,KA080,Bhambanana Park,NP,Nikhil Panchal,40.2,at_risk,At-Risk,🟠,0.33,0.33,0.25,8.2,3,0.5,44,25.0,10,9,"Accessories, Enamel, Floor & Roof Paints, General, PVA Paints, Putty, QD Enamel, Waterproofing, Woodcare",85.5,58.5,PVA Paints:0.3%; Enamel:4.9%; Floor & Roof Paints:10.8%; Putty:37.5%; QD Enamel:1.0%; Waterproofing:28.9%; Woodcare:36.0%; General:6.2%; Accessories:6.1%,-70.08,0.0,False
KL011,KL011,Lalita Supermarket& Hardware,BV,Bhadresh Vallabh,39.9,at_risk,At-Risk,🟠,0.33,0.33,0.33,8.2,5,0.83,64,41.7,9,9,"Accessories, Enamel, Floor & Roof Paints, General, PVA Paints, Primers, QD Enamel, Waterproofing, Woodcare",81.8,46.9,PVA Paints:1.9%; Enamel:6.6%; Waterproofing:28.9%; Woodcare:40.0%; Accessories:18.2%; General:4.2%; Floor & Roof Paints:1.4%; Primers:2.5%; QD Enamel:1.9%,-28.27,0.0,False
KT061,KT061,Total Hardware & Tiles,BV,Bhadresh Vallabh,39.6,at_risk,At-Risk,🟠,0.33,0.17,0.33,4.2,6,1.0,3,50.0,5,5,"Enamel, PVA Paints, Primers, QD Enamel, Woodcare",45.5,66.3,PVA Paints:5.2%; Enamel:12.0%; Primers:5.0%; Woodcare:52.0%; QD Enamel:8.7%,0.0,50.0,False
KB110,KB110,Best Build HW Giyani,NP,Nikhil Panchal,39.6,at_risk,At-Risk,🟠,0.33,0.33,0.42,8.2,8,1.33,7,66.7,8,8,"Accessories, Enamel, General, PVA Paints, Primers, QD Enamel, Waterproofing, Woodcare",72.7,38.4,Enamel:8.7%; Primers:2.5%; Waterproofing:13.2%; Woodcare:40.0%; General:6.2%; Accessories:3.0%; QD Enamel:2.9%; PVA Paints:0.3%,-34.86,0.0,False
KR044,KR044,Raj Wholesalers,AP,Amit Patel,39.4,at_risk,At-Risk,🟠,0.33,0.17,0.08,4.2,0,0.0,43,0.0,8,8,"Accessories, Enamel, PVA Paints, Primers, Putty, QD Enamel, Waterproofing, Woodcare",72.7,60.1,PVA Paints:3.6%; Enamel:3.8%; Primers:5.0%; Waterproofing:34.2%; Woodcare:24.0%; Putty:37.5%; Accessories:9.1%; QD Enamel:2.9%,0.0,50.0,False
KN024,KN024/9,Navisha Investments Pty Ltd Ka,NP,Nikhil Panchal,39.4,at_risk,At-Risk,🟠,0.33,0.33,0.5,8.2,4,0.67,77,33.3,8,8,"Accessories, Enamel, General, PVA Paints, Primers, Putty, Waterproofing, Woodcare",72.7,70.1,PVA Paints:2.3%; Enamel:9.3%; Waterproofing:31.6%; Woodcare:28.0%; Putty:25.0%; Primers:15.0%; General:22.9%; Accessories:6.1%,-27.1,0.0,False
KM123,KM123,Honest Electrial and Plumbing,NP,Nikhil Panchal,39.3,dormant,Dead / Dormant,🔴,0.67,0.67,0.42,16.8,0,0.0,91,0.0,10,10,"Accessories, Enamel, Floor & Roof Paints, General, PVA Paints, Primers, Putty, QD Enamel, Waterproofing, Woodcare",90.9,51.9,PVA Paints:4.5%; Primers:7.5%; Enamel:11.5%; Floor & Roof Paints:8.1%; Woodcare:28.0%; General:2.1%; Accessories:15.2%; Waterproofing:10.5%; Putty:37.5%; QD Enamel:4.8%,-28.05,0.0,False
KM012,KM012,Vendeco Trading 53CC,BV,Bhadresh Vallabh,39.0,dormant,Dead / Dormant,🔴,0.0,0.17,0.25,4.2,13,2.17,162,80.0,5,4,"Enamel, Primers, QD Enamel, Woodcare",40.0,43.0,Enamel:10.4%; Primers:10.0%; QD Enamel:10.6%; Woodcare:12.0%,0.0,50.0,False
KB013,KB013/2,New Bafana Bafana H Ware,AP,Amit Patel,38.8,at_risk,At-Risk,🟠,0.33,0.33,0.17,8.2,10,1.67,58,83.3,5,5,"Accessories, Enamel, Primers, QD Enamel, Woodcare",45.5,70.9,Enamel:5.5%; Primers:5.0%; Woodcare:60.0%; Accessories:15.2%; QD Enamel:2.9%,-75.53,0.0,False
KA101,KA101,AD Fancy Goods TA,BV,Bhadresh Vallabh,38.7,at_risk,At-Risk,🟠,1.0,0.67,0.83,16.8,5,0.83,16,41.7,9,6,"Accessories, Enamel, PVA Paints, Putty, QD Enamel, Woodcare",65.5,57.4,Enamel:13.1%; Putty:37.5%; QD Enamel:1.9%; PVA Paints:2.6%; Woodcare:28.0%; Accessories:3.0%,-23.31,0.0,False
KD033,KD033,DIY Depo ( Petrus Styne),AP,Amit Patel,38.6,at_risk,At-Risk,🟠,0.33,0.5,0.42,12.5,4,0.67,84,33.3,9,7,"Accessories, Enamel, Floor & Roof Paints, General, Primers, QD Enamel, Woodcare",70.9,61.5,Enamel:20.8%; Primers:10.0%; Woodcare:60.0%; QD Enamel:2.9%; Floor & Roof Paints:6.8%; General:4.2%; Accessories:3.0%,-51.26,0.0,False
KA057,KA057,Abies Security Gates,AC,Aboo Cassim,38.3,at_risk,At-Risk,🟠,2.34,1.84,5.75,46.0,0,0.0,63,0.0,4,3,"Accessories, Primers, QD Enamel",30.9,17.1,Primers:5.0%; QD Enamel:4.8%; Accessories:3.0%,10.62,100.0,False
KF020,KF020/1,Malamulele Hardware,NP,Nikhil Panchal,38.2,dormant,Dead / Dormant,🔴,0.0,0.33,0.17,8.2,9,1.5,98,55.0,8,8,"Accessories, Enamel, Floor & Roof Paints, PVA Paints, Primers, QD Enamel, Waterproofing, Woodcare",72.7,40.5,PVA Paints:5.2%; Enamel:7.7%; Primers:2.5%; Woodcare:32.0%; QD Enamel:8.7%; Floor & Roof Paints:2.7%; Waterproofing:13.2%; Accessories:9.1%,-45.65,0.0,False
KL047,KL047,KL047,BV,Bhadresh Vallabh,38.1,at_risk,At-Risk,🟠,1.34,2.84,5.5,71.0,0,0.0,1,0.0,7,5,"Enamel, Floor & Roof Paints, PVA Paints, Primers, QD Enamel",52.7,30.3,Floor & Roof Paints:10.8%; PVA Paints:10.4%; QD Enamel:10.6%; Enamel:1.1%; Primers:5.0%,-13.12,0.0,False
KM077,KM077,Manglasi Hardware,AP,Amit Patel,38.1,at_risk,At-Risk,🟠,0.33,0.33,0.5,8.2,5,0.83,74,41.7,7,7,"Accessories, Enamel, General, PVA Paints, Putty, QD Enamel, Woodcare",63.6,71.7,Enamel:4.9%; Woodcare:28.0%; Putty:62.5%; General:10.4%; Accessories:15.2%; QD Enamel:2.9%; PVA Paints:1.6%,-152.6,0.0,False
KS089,KS089,S.A. Hardware (Makhado),AP,Amit Patel,38.0,dormant,Dead / Dormant,🔴,0.0,0.33,0.5,8.2,0,0.0,101,0.0,6,5,"Accessories, Enamel, QD Enamel, Waterproofing, Woodcare",49.1,41.5,Enamel:6.0%; Woodcare:24.0%; Accessories:12.1%; QD Enamel:1.9%; Waterproofing:7.9%,32.41,100.0,False
KN024,KN024/6,Navisha Investments Pty Ltd,NP,Nikhil Panchal,37.9,at_risk,At-Risk,🟠,0.67,0.5,0.5,12.5,4,0.67,31,33.3,8,8,"Accessories, Enamel, General, PVA Paints, Primers, Putty, Waterproofing, Woodcare",72.7,52.9,PVA Paints:1.6%; Primers:5.0%; Enamel:8.7%; Waterproofing:23.7%; Woodcare:20.0%; Putty:25.0%; General:18.8%; Accessories:3.0%,-23.46,0.0,False
KP061,KP061/2,Paint Mart Moe (Lenasia),AC,Aboo Cassim,37.9,dormant,Dead / Dormant,🔴,0.0,0.33,1.92,8.2,6,1.0,179,30.0,7,7,"Accessories, Enamel, Floor & Roof Paints, General, PVA Paints, Specialised Coatings, Woodcare",63.6,31.9,PVA Paints:9.1%; Enamel:3.3%; Accessories:12.1%; Specialised Coatings:8.3%; Floor & Roof Paints:14.9%; Woodcare:4.0%; General:4.2%,0.0,50.0,False
KB007,KB007,F.Bham & Co,BV,Bhadresh Vallabh,37.8,at_risk,At-Risk,🟠,0.33,1.0,0.92,25.0,4,0.67,64,33.3,9,7,"Accessories, Enamel, Floor & Roof Paints, PVA Paints, Putty, Waterproofing, Woodcare",70.9,34.9,PVA Paints:3.2%; Enamel:6.6%; Floor & Roof Paints:1.4%; Waterproofing:5.3%; Woodcare:20.0%; Putty:12.5%; Accessories:12.1%,-45.09,0.0,False
KD002,KD002,Dhaval Patel Ent,BV,Bhadresh Vallabh,37.6,dormant,Dead / Dormant,🔴,0.0,1.0,0.83,25.0,3,0.5,156,5.0,10,9,"Accessories, Enamel, Floor & Roof Paints, General, PVA Paints, QD Enamel, Specialised Coatings, Waterproofing, Woodcare",85.5,33.2,PVA Paints:4.2%; General:4.2%; QD Enamel:17.3%; Specialised Coatings:8.3%; Enamel:7.1%; Woodcare:16.0%; Floor & Roof Paints:4.1%; Waterproofing:10.5%; Accessories:3.0%,-94.21,0.0,False
KC011,KC011,Molepo Coal Centre Pty Ltd,BV,Bhadresh Vallabh,37.5,at_risk,At-Risk,🟠,0.33,0.84,0.5,21.0,5,0.83,36,41.7,8,8,"Accessories, Enamel, Floor & Roof Paints, General, PVA Paints, Primers, QD Enamel, Woodcare",72.7,28.2,PVA Paints:3.9%; Enamel:6.6%; Accessories:9.1%; Woodcare:12.0%; Floor & Roof Paints:2.7%; General:16.7%; Primers:2.5%; QD Enamel:2.9%,-21.58,0.0,False
KM027,KM027/22,Khutsong Hardware & Steel,BV,Bhadresh Vallabh,37.2,at_risk,At-Risk,🟠,0.33,0.33,0.17,8.2,29,4.83,88,100.0,3,3,"Enamel, Primers, Woodcare",27.3,46.8,Enamel:12.6%; Woodcare:20.0%; Primers:2.5%,-3.4,33.0,False
KS052,KS052,Oriant Invest TA Smart Build,AP,Amit Patel,37.0,dormant,Dead / Dormant,🔴,0.0,0.0,0.25,0.0,2,0.33,224,0.0,11,11,"Accessories, Enamel, Floor & Roof Paints, General, PVA Paints, Primers, Putty, QD Enamel, Specialised Coatings, Waterproofing, Woodcare",100.0,46.4,Floor & Roof Paints:2.7%; PVA Paints:1.0%; Enamel:13.7%; Primers:12.5%; Woodcare:20.0%; Accessories:12.1%; QD Enamel:7.7%; Waterproofing:7.9%; Specialised Coatings:8.3%; Putty:37.5%; General:4.2%,,0.0,False
KG010,KG010,Gardees (Pty) Ltd,BV,Bhadresh Vallabh,36.9,at_risk,At-Risk,🟠,0.33,0.5,0.58,12.5,3,0.5,80,25.0,8,8,"Accessories, Enamel, General, PVA Paints, Primers, Putty, QD Enamel, Woodcare",72.7,54.7,Enamel:10.9%; Accessories:18.2%; Primers:5.0%; General:14.6%; QD Enamel:2.9%; PVA Paints:1.3%; Woodcare:44.0%; Putty:12.5%,-154.36,0.0,False
KA060,KA060,Golden Hardware and Paint,AC,Aboo Cassim,36.6,dormant,Dead / Dormant,🔴,0.0,0.17,0.42,4.2,2,0.33,100,0.0,6,4,"Accessories, Enamel, PVA Paints, Woodcare",43.6,100.0,PVA Paints:8.4%; Enamel:17.5%; Woodcare:72.0%; Accessories:6.1%,0.0,50.0,False
KC031,KC031,Masiqhame Trading 1629,AP,Amit Patel,36.6,at_risk,At-Risk,🟠,1.0,1.17,1.42,29.2,4,0.67,11,33.3,3,3,"Accessories, General, Putty",27.3,100.0,Putty:75.0%; Accessories:6.1%; General:8.3%,-8.49,7.6,False
KH029,KH029,Hadid Hardware & Furniture,AP,Amit Patel,36.6,dormant,Dead / Dormant,🔴,0.0,0.5,1.08,12.5,4,0.67,156,13.3,9,9,"Accessories, Enamel, Floor & Roof Paints, General, PVA Paints, Primers, QD Enamel, Waterproofing, Woodcare",81.8,46.2,PVA Paints:4.2%; Enamel:14.2%; Accessories:9.1%; QD Enamel:5.8%; Floor & Roof Paints:13.5%; Woodcare:24.0%; General:12.5%; Waterproofing:13.2%; Primers:7.5%,-28.95,0.0,False
KM161,KM161,MKH Hardware,NP,Nikhil Panchal,36.4,at_risk,At-Risk,🟠,0.67,0.5,0.67,12.5,0,0.0,44,0.0,10,9,"Accessories, Enamel, Floor & Roof Paints, General, PVA Paints, Primers, QD Enamel, Waterproofing, Woodcare",85.5,51.0,PVA Paints:10.0%; Floor & Roof Paints:13.5%; QD Enamel:9.6%; Enamel:2.2%; Waterproofing:21.1%; Accessories:9.1%; Primers:2.5%; Woodcare:28.0%; General:18.8%,-62.79,0.0,False
KQ001,KQ001,Khavhande Trading store,NP,Nikhil Panchal,36.4,at_risk,At-Risk,🟠,0.67,0.67,0.67,16.8,4,0.67,58,33.3,8,5,"Accessories, Enamel, General, QD Enamel, Woodcare",56.4,68.8,Enamel:16.9%; Woodcare:40.0%; General:8.3%; Accessories:12.1%; QD Enamel:8.7%,-54.71,0.0,False
KM033,KM033,Moin's Enterprises (Pty) Ltd,NP,Nikhil Panchal,36.3,dormant,Dead / Dormant,🔴,0.0,0.17,0.25,4.2,1,0.17,157,0.0,9,7,"Enamel, General, PVA Paints, Primers, QD Enamel, Waterproofing, Woodcare",70.9,43.4,PVA Paints:3.2%; Enamel:13.7%; Woodcare:28.0%; General:6.2%; QD Enamel:1.9%; Primers:15.0%; Waterproofing:7.9%,0.0,50.0,False
KS018,KS018,Shikundu Trading Store,NP,Nikhil Panchal,36.0,at_risk,At-Risk,🟠,0.33,0.17,0.67,4.2,6,1.0,74,50.0,7,5,"Accessories, Enamel, Floor & Roof Paints, General, PVA Paints",52.7,27.4,PVA Paints:0.6%; Enamel:0.5%; Floor & Roof Paints:4.1%; Accessories:6.1%; General:22.9%,0.0,50.0,False
KS121,KS121,Smart Builders,NP,Nikhil Panchal,35.8,dormant,Dead / Dormant,🔴,0.0,0.17,0.08,4.2,0,0.0,176,0.0,9,7,"Enamel, Floor & Roof Paints, PVA Paints, Primers, QD Enamel, Specialised Coatings, Woodcare",70.9,39.8,PVA Paints:6.5%; Floor & Roof Paints:9.5%; Primers:12.5%; Enamel:6.6%; Woodcare:12.0%; Specialised Coatings:16.7%; QD Enamel:5.8%,0.0,50.0,False
KP018,KP018,Khotawala 786 Traders CC,AP,Amit Patel,35.8,dormant,Dead / Dormant,🔴,0.0,0.0,0.25,0.0,5,0.83,281,21.7,10,9,"Accessories, Enamel, General, PVA Paints, Primers, Putty, QD Enamel, Waterproofing, Woodcare",85.5,46.0,PVA Paints:1.0%; Enamel:3.3%; Primers:2.5%; Waterproofing:10.5%; Woodcare:16.0%; Putty:37.5%; General:12.5%; Accessories:18.2%; QD Enamel:1.9%,,0.0,False
KP015,KP015,Steel Hub,BV,Bhadresh Vallabh,35.8,at_risk,At-Risk,🟠,2.0,2.0,2.17,50.0,5,0.83,4,41.7,5,4,"Accessories, Enamel, Primers, QD Enamel",40.0,33.9,Enamel:5.5%; Primers:5.0%; Accessories:6.1%; QD Enamel:17.3%,-13.32,0.0,False
KY007,KY007,YMBM ENTERORISE T/A VALUE HARD,NP,Nikhil Panchal,35.6,dormant,Dead / Dormant,🔴,0.0,0.33,0.17,8.2,2,0.33,102,0.0,8,8,"Accessories, Enamel, Floor & Roof Paints, General, PVA Paints, Primers, QD Enamel, Woodcare",72.7,28.6,PVA Paints:5.8%; Enamel:5.5%; Floor & Roof Paints:8.1%; Primers:5.0%; Woodcare:24.0%; General:2.1%; Accessories:3.0%; QD Enamel:3.8%,0.0,50.0,False
KN024,KN024/7,Navisha Investments Pty Ltd,NP,Nikhil Panchal,35.5,dormant,Dead / Dormant,🔴,0.0,0.17,0.17,4.2,4,0.67,179,13.3,7,7,"Enamel, General, PVA Paints, Primers, Putty, Waterproofing, Woodcare",63.6,39.3,Primers:10.0%; Enamel:4.4%; Waterproofing:21.1%; Woodcare:8.0%; Putty:12.5%; General:12.5%; PVA Paints:0.3%,0.0,50.0,False
KC053,KC053,Choice Build Hardware Siloam,AP,Amit Patel,35.5,at_risk,At-Risk,🟠,0.67,0.33,0.17,8.2,1,0.17,43,8.3,8,8,"Accessories, Enamel, General, PVA Paints, Primers, Putty, QD Enamel, Woodcare",72.7,69.2,PVA Paints:3.9%; Enamel:4.4%; Primers:7.5%; Putty:37.5%; General:4.2%; Accessories:15.2%; QD Enamel:5.8%; Woodcare:60.0%,-16.7,0.0,False
KM094,KM094,Al-Kauthar Inv TA Mas HW,AP,Amit Patel,35.3,at_risk,At-Risk,🟠,0.33,0.17,0.25,4.2,2,0.33,85,16.7,9,6,"Accessories, Enamel, Floor & Roof Paints, PVA Paints, Primers, Waterproofing",65.5,30.6,PVA Paints:4.5%; Enamel:10.9%; Primers:5.0%; Waterproofing:21.1%; Floor & Roof Paints:1.4%; Accessories:3.0%,0.0,50.0,False
KK031,KK031,Kazi Hardware & Tool,BV,Bhadresh Vallabh,35.3,at_risk,At-Risk,🟠,0.33,0.17,0.42,4.2,0,0.0,65,0.0,8,7,"Accessories, Enamel, PVA Paints, Primers, QD Enamel, Waterproofing, Woodcare",67.3,43.8,PVA Paints:10.0%; Enamel:4.9%; Primers:7.5%; Woodcare:24.0%; Accessories:6.1%; QD Enamel:5.8%; Waterproofing:18.4%,0.0,50.0,False
KB094,KB094,Builders Den Pty Ltd,AC,Aboo Cassim,35.3,at_risk,At-Risk,🟠,0.33,0.33,0.58,8.2,5,0.83,79,41.7,7,6,"Accessories, Primers, QD Enamel, Specialised Coatings, Waterproofing, Woodcare",58.2,63.3,Woodcare:60.0%; QD Enamel:3.8%; Primers:5.0%; Accessories:15.2%; Waterproofing:2.6%; Specialised Coatings:8.3%,-67.38,0.0,False
KK040,KK040,Kareena Traders,BV,Bhadresh Vallabh,35.0,dormant,Dead / Dormant,🔴,0.0,0.33,0.17,8.2,2,0.33,100,0.0,9,9,"Accessories, Enamel, Floor & Roof Paints, General, PVA Paints, Primers, QD Enamel, Waterproofing, Woodcare",81.8,55.9,PVA Paints:5.5%; Enamel:12.0%; Floor & Roof Paints:18.9%; Primers:5.0%; Waterproofing:21.1%; Woodcare:28.0%; General:8.3%; Accessories:18.2%; QD Enamel:8.7%,-68.19,0.0,False
KL011,KL011/1,GIGAS SUPERMARKET,BV,Bhadresh Vallabh,34.7,dormant,Dead / Dormant,🔴,0.0,0.17,0.25,4.2,5,0.83,162,21.7,7,6,"Accessories, Enamel, General, Primers, QD Enamel, Waterproofing",58.2,36.5,Enamel:6.6%; General:25.0%; Accessories:3.0%; QD Enamel:1.9%; Primers:2.5%; Waterproofing:15.8%,0.0,50.0,False
KF018,KF018/5,Fairplay Hardware Kwamhlanga,BV,Bhadresh Vallabh,34.7,dormant,Dead / Dormant,🔴,0.0,0.33,0.17,8.2,0,0.0,113,0.0,5,5,"Accessories, Enamel, Primers, QD Enamel, Waterproofing",45.5,26.7,Primers:5.0%; Enamel:6.0%; Waterproofing:18.4%; QD Enamel:1.0%; Accessories:3.0%,14.93,100.0,False
KM037,KM037,Maphalle Hardware,BV,Bhadresh Vallabh,34.3,dormant,Dead / Dormant,🔴,0.0,0.17,0.42,4.2,2,0.33,162,0.0,7,5,"Accessories, Enamel, Putty, QD Enamel, Woodcare",52.7,66.5,Enamel:7.7%; Woodcare:24.0%; Putty:37.5%; Accessories:9.1%; QD Enamel:4.8%,0.0,50.0,False
KB115,KB115,Build Africa Hardware,BM,Byron Minnie,34.3,at_risk,At-Risk,🟠,2.67,1.34,0.67,33.5,0,0.0,24,0.0,6,6,"Enamel, PVA Paints, Primers, QD Enamel, Specialised Coatings, Woodcare",54.5,63.8,Woodcare:40.0%; Enamel:7.7%; QD Enamel:5.8%; Specialised Coatings:33.3%; PVA Paints:3.9%; Primers:5.0%,-64.75,0.0,False
KA113,KA113,Alex Hardware Devon,NP,Nikhil Panchal,34.2,at_risk,At-Risk,🟠,0.67,0.5,0.33,12.5,2,0.33,22,16.7,6,6,"Enamel, General, Primers, Putty, QD Enamel, Woodcare",54.5,81.8,Enamel:14.8%; Primers:15.0%; Woodcare:28.0%; QD Enamel:8.7%; Putty:50.0%; General:6.2%,-77.73,0.0,False
KP005,KP005/3,Patel (Nkomazi Imp. & Exp. CC),BV,Bhadresh Vallabh,34.2,dormant,Dead / Dormant,🔴,0.0,0.33,0.25,8.2,23,3.83,161,80.0,1,1,Woodcare,9.1,16.0,Woodcare:4.0%,189.86,100.0,False
KS005,KS005,Skeerpoort Handelhuis,BV,Bhadresh Vallabh,34.1,dormant,Dead / Dormant,🔴,0.0,0.33,0.83,8.2,5,0.83,177,21.7,5,3,"Enamel, Putty, QD Enamel",34.5,73.2,QD Enamel:3.8%; Enamel:1.1%; Putty:50.0%,0.0,50.0,False
KS131,KS131,Strong Build,AP,Amit Patel,33.7,at_risk,At-Risk,🟠,0.33,0.17,0.08,4.2,0,0.0,44,0.0,7,7,"Accessories, Enamel, General, PVA Paints, Primers, Putty, Woodcare",63.6,40.7,PVA Paints:3.6%; Enamel:4.9%; Primers:5.0%; Woodcare:4.0%; Putty:37.5%; General:4.2%; Accessories:12.1%,0.0,50.0,False
KP059,KP059,Prime Build,AC,Aboo Cassim,33.6,at_risk,At-Risk,🟠,1.0,0.5,0.5,12.5,3,0.5,45,25.0,3,3,"Accessories, Enamel, General",27.3,23.9,Enamel:8.7%; General:6.2%; Accessories:3.0%,83.34,100.0,False
KW013,KW013,Wood Corner Pty Ltd,BV,Bhadresh Vallabh,33.3,at_risk,At-Risk,🟠,0.33,0.5,0.5,12.5,3,0.5,67,25.0,8,7,"Accessories, Enamel, PVA Paints, Primers, QD Enamel, Specialised Coatings, Woodcare",67.3,41.3,PVA Paints:0.3%; Primers:10.0%; Woodcare:48.0%; Specialised Coatings:8.3%; QD Enamel:1.0%; Enamel:1.6%; Accessories:3.0%,-37.75,0.0,False
KM013,KM013,Moollas Hardware & Furniture,NP,Nikhil Panchal,33.3,at_risk,At-Risk,🟠,1.34,0.84,1.0,21.0,4,0.67,3,33.3,9,5,"Enamel, Floor & Roof Paints, PVA Paints, Primers, QD Enamel",60.0,34.0,Enamel:24.6%; PVA Paints:6.1%; QD Enamel:2.9%; Primers:7.5%; Floor & Roof Paints:1.4%,-41.91,0.0,False
KP013,KP013,Patels Hardware,BV,Bhadresh Vallabh,32.2,at_risk,At-Risk,🟠,0.33,0.17,0.5,4.2,3,0.5,37,25.0,6,5,"Accessories, Floor & Roof Paints, General, PVA Paints, Putty",49.1,34.5,PVA Paints:5.5%; Putty:25.0%; Accessories:9.1%; Floor & Roof Paints:1.4%; General:2.1%,0.0,50.0,False
KM027,KM027/6,POWER BUILD,AC,Aboo Cassim,32.2,dormant,Dead / Dormant,🔴,0.0,0.0,0.25,0.0,29,4.83,239,80.0,4,3,"Enamel, General, Putty",30.9,73.1,Enamel:13.1%; Putty:37.5%; General:4.2%,,0.0,False
KM027,KM027/3,Randfontein Hardware,AC,Aboo Cassim,32.1,dormant,Dead / Dormant,🔴,0.0,0.0,0.33,0.0,29,4.83,212,80.0,5,5,"Enamel, Floor & Roof Paints, General, Primers, Putty",45.5,43.0,Enamel:20.2%; Primers:5.0%; Putty:25.0%; Floor & Roof Paints:1.4%; General:2.1%,,0.0,False
KL006,KL006,LCS Wholesalers (Kanye) P L,NP,Nikhil Panchal,31.8,dormant,Dead / Dormant,🔴,0.0,0.17,0.08,4.2,2,0.33,155,0.0,7,5,"Primers, Putty, QD Enamel, Waterproofing, Woodcare",52.7,49.4,Primers:2.5%; Waterproofing:10.5%; Woodcare:20.0%; Putty:25.0%; QD Enamel:3.8%,0.0,50.0,False
KN024,KN024/3,Navisha Investments Pty Ltd,NP,Nikhil Panchal,31.7,dormant,Dead / Dormant,🔴,0.0,0.17,0.08,4.2,4,0.67,179,13.3,6,6,"Enamel, General, PVA Paints, Putty, Waterproofing, Woodcare",54.5,32.1,PVA Paints:0.6%; Enamel:1.1%; Waterproofing:5.3%; Woodcare:12.0%; Putty:25.0%; General:4.2%,0.0,50.0,False
KM105,KM105,Monyakeng Hardware,AP,Amit Patel,31.7,dormant,Dead / Dormant,🔴,0.0,0.17,0.33,4.2,3,0.5,120,5.0,7,7,"Accessories, Enamel, Floor & Roof Paints, PVA Paints, Primers, QD Enamel, Waterproofing",63.6,22.0,PVA Paints:2.6%; Floor & Roof Paints:4.1%; Enamel:9.8%; Primers:5.0%; Waterproofing:5.3%; QD Enamel:8.7%; Accessories:3.0%,0.0,50.0,False
KF032,KF032,Alex Hardware,NP,Nikhil Panchal,31.5,dormant,Dead / Dormant,🔴,0.0,0.0,0.42,0.0,3,0.5,234,5.0,10,10,"Accessories, Enamel, Floor & Roof Paints, General, PVA Paints, Primers, Putty, QD Enamel, Waterproofing, Woodcare",90.9,23.1,Enamel:4.9%; Floor & Roof Paints:10.8%; Woodcare:12.0%; General:2.1%; PVA Paints:1.0%; QD Enamel:3.8%; Primers:5.0%; Waterproofing:2.6%; Putty:12.5%; Accessories:3.0%,,0.0,True
KR003,KR003,Ammo Distributors (PTY) LTD,NP,Nikhil Panchal,31.3,dormant,Dead / Dormant,🔴,0.0,0.33,0.33,8.2,5,0.83,101,21.7,9,6,"Enamel, General, PVA Paints, Primers, QD Enamel, Woodcare",65.5,42.1,PVA Paints:0.3%; Primers:7.5%; Enamel:8.2%; Woodcare:32.0%; General:10.4%; QD Enamel:4.8%,-57.68,0.0,True
KF009,KF009,Fairplay Store,BV,Bhadresh Vallabh,31.1,at_risk,At-Risk,🟠,1.0,1.0,1.08,25.0,5,0.83,9,41.7,5,5,"Accessories, Enamel, Primers, QD Enamel, Waterproofing",45.5,33.3,Enamel:13.1%; Waterproofing:21.1%; QD Enamel:1.9%; Accessories:3.0%; Primers:2.5%,-10.35,0.0,False
KC008,KC008,C G Industrial Equipment P L,NP,Nikhil Panchal,31.1,at_risk,At-Risk,🟠,0.67,0.84,1.0,21.0,5,0.83,28,41.7,4,4,"Accessories, Enamel, QD Enamel, Specialised Coatings",36.4,41.7,Enamel:13.1%; QD Enamel:5.8%; Specialised Coatings:16.7%; Accessories:6.1%,-6.72,16.4,True
KV007,KV007,Vendaland H W & Furniture,AP,Amit Patel,31.1,at_risk,At-Risk,🟠,0.33,0.17,0.58,4.2,2,0.33,74,16.7,5,5,"Accessories, Enamel, Floor & Roof Paints, PVA Paints, Woodcare",45.5,42.8,PVA Paints:1.3%; Floor & Roof Paints:1.4%; Woodcare:36.0%; Accessories:12.1%; Enamel:2.7%,0.0,50.0,False
KU009,KU009,Unibiz Exports Trading,AC,Aboo Cassim,30.8,dormant,Dead / Dormant,🔴,0.0,0.17,0.08,4.2,6,1.0,102,30.0,1,1,Woodcare,9.1,100.0,Woodcare:28.0%,0.0,50.0,False
KP061,KP061,Paint Mart Moe (Benoni),AC,Aboo Cassim,30.7,dormant,Dead / Dormant,🔴,0.0,0.0,0.5,0.0,6,1.0,193,30.0,6,6,"Accessories, Enamel, Floor & Roof Paints, General, PVA Paints, Primers",54.5,65.7,PVA Paints:10.4%; Enamel:14.8%; Floor & Roof Paints:23.0%; Primers:5.0%; Accessories:18.2%; General:27.1%,,0.0,False
KM164,KM164,Mas Hardware,AP,Amit Patel,30.3,dormant,Dead / Dormant,🔴,0.0,0.17,0.08,4.2,1,0.17,116,0.0,7,7,"Accessories, Enamel, General, PVA Paints, Primers, QD Enamel, Woodcare",63.6,17.5,PVA Paints:1.9%; Enamel:6.6%; Primers:5.0%; Woodcare:8.0%; General:4.2%; Accessories:3.0%; QD Enamel:1.9%,0.0,50.0,False
KN022,KN022,M H I Hardware (Nkambako H/W,BV,Bhadresh Vallabh,30.1,dormant,Dead / Dormant,🔴,0.0,0.0,0.42,0.0,3,0.5,309,5.0,8,8,"Accessories, Enamel, General, PVA Paints, Primers, QD Enamel, Waterproofing, Woodcare",72.7,50.5,PVA Paints:1.6%; Primers:12.5%; Enamel:8.2%; Woodcare:48.0%; Accessories:9.1%; QD Enamel:11.5%; Waterproofing:7.9%; General:2.1%,,0.0,False
KN010,KN010,Northam Hardware,BV,Bhadresh Vallabh,30.0,dormant,Dead / Dormant,🔴,0.0,0.17,0.5,4.2,4,0.67,123,13.3,7,4,"Accessories, PVA Paints, QD Enamel, Waterproofing",47.3,34.8,PVA Paints:0.6%; Waterproofing:21.1%; Accessories:12.1%; QD Enamel:1.0%,0.0,50.0,False
KS127,KS127/2,Prestige Auto Paint,AC,Aboo Cassim,30.0,at_risk,At-Risk,🟠,0.67,0.5,0.5,12.5,18,3.0,32,100.0,2,2,"Enamel, PVA Paints",18.2,42.6,PVA Paints:4.9%; Enamel:16.4%,-76.89,0.0,False
KT014,KT014,Timber City,AC,Aboo Cassim,29.7,at_risk,At-Risk,🟠,0.67,0.33,0.25,8.2,0,0.0,28,0.0,2,2,"Accessories, QD Enamel",18.2,48.0,Accessories:18.2%; QD Enamel:5.8%,28.35,100.0,False
KX003,KX003,Exclusive Paint & Hardware,BV,Bhadresh Vallabh,29.6,dormant,Dead / Dormant,🔴,0.0,0.33,0.67,8.2,6,1.0,144,30.0,5,5,"Enamel, Floor & Roof Paints, General, PVA Paints, Woodcare",45.5,12.8,Enamel:2.2%; Floor & Roof Paints:1.4%; PVA Paints:2.3%; General:2.1%; Woodcare:8.0%,0.0,50.0,True
KD062,KD062,Deanans Auto Paints,AC,Aboo Cassim,29.5,dormant,Dead / Dormant,🔴,0.0,0.67,0.83,16.8,5,0.83,151,21.7,2,2,"Accessories, PVA Paints",18.2,10.6,PVA Paints:2.3%; Accessories:3.0%,128.76,100.0,False
KU005,KU005,Candyland General Trading,AP,Amit Patel,29.0,dormant,Dead / Dormant,🔴,0.0,0.5,0.58,12.5,2,0.33,102,0.0,9,6,"Accessories, Enamel, Floor & Roof Paints, PVA Paints, Primers, QD Enamel",65.5,41.3,Enamel:23.5%; PVA Paints:5.5%; Floor & Roof Paints:13.5%; QD Enamel:11.5%; Primers:5.0%; Accessories:3.0%,-58.67,0.0,True
KH048,KH048,Hardware City,AC,Aboo Cassim,29.0,at_risk,At-Risk,🟠,0.67,0.67,1.0,16.8,0,0.0,11,0.0,6,4,"Enamel, Floor & Roof Paints, PVA Paints, Woodcare",43.6,78.1,Woodcare:68.0%; Enamel:4.4%; Floor & Roof Paints:5.4%; PVA Paints:0.3%,-18.15,0.0,False
KB075,KB075,Burgersfort Wood Centre,AP,Amit Patel,29.0,dormant,Dead / Dormant,🔴,0.0,0.17,0.17,4.2,5,0.83,169,21.7,7,5,"PVA Paints, Primers, QD Enamel, Waterproofing, Woodcare",52.7,8.9,PVA Paints:1.0%; Primers:2.5%; Woodcare:4.0%; QD Enamel:1.0%; Waterproofing:2.6%,0.0,50.0,False
KM163,KM163,Maxi Hardware,BV,Bhadresh Vallabh,28.9,at_risk,At-Risk,🟠,0.67,0.5,0.33,12.5,4,0.67,7,33.3,6,6,"Enamel, General, PVA Paints, Primers, QD Enamel, Woodcare",54.5,29.8,PVA Paints:4.9%; Enamel:7.1%; Primers:2.5%; Woodcare:16.0%; General:10.4%; QD Enamel:3.8%,-27.43,0.0,True
KZ011,KZ011,Z Build Khubvi,AP,Amit Patel,28.8,dormant,Dead / Dormant,🔴,0.0,0.33,0.5,8.2,0,0.0,99,0.0,8,7,"Accessories, Enamel, General, PVA Paints, Putty, QD Enamel, Waterproofing",67.3,43.8,PVA Paints:2.3%; Enamel:7.1%; Putty:37.5%; Accessories:12.1%; Waterproofing:10.5%; QD Enamel:2.9%; General:4.2%,-33.18,0.0,True
KM091,KM091,Malebeswa Investment (Pty) Ltd,NP,Nikhil Panchal,28.5,dormant,Dead / Dormant,🔴,0.0,0.33,0.17,8.2,2,0.33,122,0.0,8,8,"Enamel, General, PVA Paints, Primers, Putty, QD Enamel, Waterproofing, Woodcare",72.7,30.9,PVA Paints:1.0%; Primers:2.5%; Enamel:5.5%; Waterproofing:15.8%; Woodcare:8.0%; Putty:12.5%; QD Enamel:1.9%; General:14.6%,-125.18,0.0,True
KJ039,KJ039,Jabula HW,NP,Nikhil Panchal,28.4,at_risk,At-Risk,🟠,0.33,0.17,0.08,4.2,2,0.33,70,16.7,5,5,"Accessories, Enamel, PVA Paints, QD Enamel, Waterproofing",45.5,24.8,Enamel:9.8%; Waterproofing:7.9%; PVA Paints:2.6%; QD Enamel:7.7%; Accessories:3.0%,0.0,50.0,True
KN022,KN022/1,M H I Hardware (Nkambako H/W),BV,Bhadresh Vallabh,28.2,dormant,Dead / Dormant,🔴,0.0,0.0,0.08,0.0,3,0.5,357,5.0,9,8,"Accessories, Enamel, Floor & Roof Paints, General, Primers, QD Enamel, Waterproofing, Woodcare",76.4,30.2,Enamel:2.2%; Floor & Roof Paints:6.8%; Primers:5.0%; Waterproofing:13.2%; Woodcare:20.0%; General:4.2%; QD Enamel:2.9%; Accessories:6.1%,,0.0,True
KM027,KM027/15,Chief Steel & Hardware,BV,Bhadresh Vallabh,28.1,at_risk,At-Risk,🟠,0.33,0.33,0.33,8.2,29,4.83,87,100.0,2,2,"Enamel, PVA Paints",18.2,37.2,PVA Paints:5.5%; Enamel:13.1%,-74.35,0.0,True
KN024,KN024/10,Navisha Investments Pty Ltd Oo,NP,Nikhil Panchal,28.1,dormant,Dead / Dormant,🔴,0.0,0.17,0.08,4.2,4,0.67,123,13.3,5,5,"Enamel, PVA Paints, Primers, Putty, Woodcare",45.5,26.3,PVA Paints:0.3%; Primers:2.5%; Enamel:1.1%; Woodcare:4.0%; Putty:25.0%,0.0,50.0,True
KB085,KB085,Best Build Hardware,AC,Aboo Cassim,28.1,dormant,Dead / Dormant,🔴,0.0,0.0,0.08,0.0,3,0.5,365,5.0,6,6,"Accessories, Floor & Roof Paints, General, PVA Paints, Waterproofing, Woodcare",54.5,73.1,PVA Paints:4.9%; Floor & Roof Paints:5.4%; Waterproofing:21.1%; Woodcare:68.0%; General:4.2%; Accessories:6.1%,,0.0,False
KB022,KB022,Bethani Hardware,BV,Bhadresh Vallabh,27.9,at_risk,At-Risk,🟠,0.33,0.33,0.42,8.2,1,0.17,30,8.3,4,2,"PVA Paints, QD Enamel",25.5,12.8,PVA Paints:1.6%; QD Enamel:4.8%,103.07,100.0,True
KM076,KM076,Moosas Supermarket,AP,Amit Patel,27.9,dormant,Dead / Dormant,🔴,0.0,0.0,0.17,0.0,5,0.83,197,21.7,7,6,"Enamel, Floor & Roof Paints, General, PVA Paints, Putty, Woodcare",58.2,47.9,PVA Paints:1.3%; Enamel:8.7%; Floor & Roof Paints:4.1%; Woodcare:16.0%; General:4.2%; Putty:37.5%,,0.0,True
KU006,KU006,U Save Glass and Hardware,AP,Amit Patel,27.7,at_risk,At-Risk,🟠,0.33,0.5,0.42,12.5,1,0.17,25,8.3,7,4,"Accessories, General, PVA Paints, Putty",47.3,61.1,PVA Paints:3.9%; Putty:50.0%; General:4.2%; Accessories:3.0%,-33.28,0.0,True
KF033,KF033,241 Fairview,BM,Byron Minnie,27.7,at_risk,At-Risk,🟠,0.33,0.17,2.0,4.2,0,0.0,22,0.0,6,6,"Accessories, Enamel, Floor & Roof Paints, PVA Paints, Primers, Woodcare",54.5,18.4,Floor & Roof Paints:2.7%; Primers:10.0%; PVA Paints:1.3%; Accessories:9.1%; Enamel:0.5%; Woodcare:4.0%,0.0,50.0,False
KA106,KA106,Afia PTY (LTD) t/a,NP,Nikhil Panchal,27.5,dormant,Dead / Dormant,🔴,0.0,0.33,0.17,8.2,0,0.0,94,0.0,8,7,"Accessories, Enamel, Floor & Roof Paints, Primers, QD Enamel, Specialised Coatings, Woodcare",67.3,35.4,Enamel:2.2%; Floor & Roof Paints:10.8%; Primers:5.0%; Specialised Coatings:8.3%; Accessories:6.1%; QD Enamel:13.5%; Woodcare:16.0%,-31.97,0.0,True
KM031,KM031,Mica Hardware - Purple Rain,NP,Nikhil Panchal,27.0,narrow,Active but Narrow,🟡,1.34,1.34,1.25,33.5,5,0.83,8,41.7,3,2,"Enamel, PVA Paints",21.8,39.0,Enamel:16.9%; PVA Paints:2.6%,-45.24,0.0,True
KF018,KF018/3,Fairplay Hardware Jane Furse,BV,Bhadresh Vallabh,27.0,at_risk,At-Risk,🟠,1.34,1.17,1.5,29.2,0,0.0,1,0.0,5,5,"Accessories, Enamel, Primers, QD Enamel, Waterproofing",45.5,40.6,Enamel:14.8%; Waterproofing:21.1%; QD Enamel:1.9%; Accessories:3.0%; Primers:10.0%,-24.57,0.0,True
KF018,KF018/1,Fairplay Hardware Lebowakgomo,BV,Bhadresh Vallabh,25.9,at_risk,At-Risk,🟠,1.0,1.0,1.17,25.0,0,0.0,31,0.0,5,5,"Accessories, Enamel, Primers, QD Enamel, Waterproofing",45.5,40.2,Enamel:14.2%; Waterproofing:21.1%; QD Enamel:1.9%; Accessories:3.0%; Primers:10.0%,-15.49,0.0,True
KR045,KR045,Rohaan Hardware,BV,Bhadresh Vallabh,25.9,at_risk,At-Risk,🟠,0.33,0.17,0.08,4.2,0,0.0,37,0.0,4,4,"Enamel, PVA Paints, QD Enamel, Woodcare",36.4,42.8,PVA Paints:2.9%; Enamel:7.1%; Woodcare:28.0%; QD Enamel:4.8%,0.0,50.0,True
KM027,KM027/13,Chief Steel & HW,BV,Bhadresh Vallabh,25.6,dormant,Dead / Dormant,🔴,0.0,0.0,0.25,0.0,29,4.83,204,80.0,3,3,"Enamel, Primers, Woodcare",27.3,36.1,Enamel:12.6%; Primers:2.5%; Woodcare:12.0%,,0.0,True
KA116,KA116,Allandale Trading CC,BM,Byron Minnie,25.5,at_risk,At-Risk,🟠,0.33,0.17,0.08,4.2,0,0.0,53,0.0,4,4,"PVA Paints, Primers, QD Enamel, Woodcare",36.4,40.4,PVA Paints:1.0%; Primers:17.5%; Woodcare:20.0%; QD Enamel:1.9%,0.0,50.0,False
KB114,KB114,Builderstown Hyper (PTY) LTD,AP,Amit Patel,24.9,at_risk,At-Risk,🟠,0.67,0.33,0.17,8.2,0,0.0,11,0.0,6,6,"Enamel, Floor & Roof Paints, General, PVA Paints, Primers, QD Enamel",54.5,43.3,PVA Paints:18.1%; Enamel:1.6%; Floor & Roof Paints:8.1%; Primers:5.0%; General:6.2%; QD Enamel:26.0%,-144.71,0.0,True
KF030,KF030,Fairplay Hardware (Mabopane),BV,Bhadresh Vallabh,24.6,dormant,Dead / Dormant,🔴,0.0,0.17,0.08,4.2,0,0.0,113,0.0,5,4,"Accessories, Enamel, Primers, Waterproofing",40.0,27.2,Primers:2.5%; Enamel:3.3%; Waterproofing:18.4%; Accessories:3.0%,0.0,50.0,True
KA103,KA103,Al Madinah Hardware,AC,Aboo Cassim,24.2,dormant,Dead / Dormant,🔴,0.0,0.5,0.42,12.5,0,0.0,99,0.0,7,5,"Enamel, Floor & Roof Paints, Primers, QD Enamel, Specialised Coatings",52.7,35.1,Enamel:7.7%; Primers:5.0%; Specialised Coatings:16.7%; Floor & Roof Paints:6.8%; QD Enamel:7.7%,-11.67,0.0,False
KP053,KP053/2,Paint Mart (Benoni),AC,Aboo Cassim,23.9,dormant,Dead / Dormant,🔴,0.0,0.0,0.58,0.0,3,0.5,273,5.0,7,5,"Accessories, Enamel, Floor & Roof Paints, PVA Paints, Primers",52.7,49.0,PVA Paints:10.0%; Enamel:15.3%; Floor & Roof Paints:18.9%; Accessories:12.1%; Primers:5.0%,,0.0,False
KF018,KF018,Fairplay Hardware Bochum,BV,Bhadresh Vallabh,23.8,at_risk,At-Risk,🟠,0.33,0.67,0.75,16.8,0,0.0,30,0.0,5,5,"Accessories, Enamel, Primers, QD Enamel, Waterproofing",45.5,39.6,Enamel:13.7%; Waterproofing:18.4%; QD Enamel:1.9%; Accessories:3.0%; Primers:12.5%,-10.55,0.0,True
KM141,KM141,Memel Hardware,AP,Amit Patel,23.7,at_risk,At-Risk,🟠,0.33,0.17,0.17,4.2,0,0.0,25,0.0,3,3,"General, PVA Paints, Putty",27.3,46.1,PVA Paints:1.3%; Putty:25.0%; General:8.3%,0.0,50.0,True
KT027,KT027,Totalbuild,AC,Aboo Cassim,23.5,dormant,Dead / Dormant,🔴,0.0,0.0,0.17,0.0,0,0.0,252,0.0,7,6,"Accessories, Enamel, General, PVA Paints, Waterproofing, Woodcare",58.2,40.3,PVA Paints:2.6%; Enamel:4.4%; Woodcare:32.0%; Waterproofing:13.2%; General:2.1%; Accessories:6.1%,,0.0,True
KR041,KR041,Raza Auto Spares,BV,Bhadresh Vallabh,23.4,at_risk,At-Risk,🟠,0.33,0.33,0.33,8.2,0,0.0,11,0.0,1,1,Accessories,9.1,24.4,Accessories:6.1%,20.29,100.0,True
KP053,KP053/3,Paint Mart (Vereeniging),AC,Aboo Cassim,23.3,dormant,Dead / Dormant,🔴,0.0,0.0,0.42,0.0,3,0.5,287,5.0,7,5,"Enamel, Floor & Roof Paints, General, PVA Paints, Putty",52.7,45.1,PVA Paints:18.8%; Floor & Roof Paints:20.3%; General:2.1%; Enamel:2.7%; Putty:12.5%,,0.0,True
KM096,KM096,Mykatrade 510 (Pty) Ltd,AP,Amit Patel,22.7,dormant,Dead / Dormant,🔴,0.0,0.0,0.17,0.0,4,0.67,213,13.3,8,5,"Enamel, Floor & Roof Paints, PVA Paints, Primers, QD Enamel",56.4,25.3,PVA Paints:5.8%; Enamel:10.4%; Floor & Roof Paints:8.1%; Primers:2.5%; QD Enamel:4.8%,,0.0,True
KK036,KK036,Khotawala Hardware,NP,Nikhil Panchal,22.2,dormant,Dead / Dormant,🔴,0.0,0.33,0.17,8.2,0,0.0,102,0.0,6,5,"Accessories, Enamel, General, Primers, Woodcare",49.1,36.0,Enamel:10.9%; Primers:5.0%; Woodcare:24.0%; Accessories:3.0%; General:2.1%,-36.3,0.0,True
KT035,KT035,Totalbuild (Vosloorus),AC,Aboo Cassim,22.0,dormant,Dead / Dormant,🔴,0.0,0.0,0.08,0.0,0,0.0,317,0.0,6,6,"Accessories, Enamel, General, PVA Paints, Waterproofing, Woodcare",54.5,37.9,PVA Paints:1.3%; Enamel:2.7%; Waterproofing:10.5%; Woodcare:32.0%; General:4.2%; Accessories:6.1%,,0.0,True
KT014,KT014/1,MOTALAS HARDWARE,AC,Aboo Cassim,21.9,at_risk,At-Risk,🟠,0.67,0.5,0.5,12.5,0,0.0,35,0.0,4,4,"Accessories, General, Putty, QD Enamel",36.4,52.3,Accessories:15.2%; General:8.3%; QD Enamel:3.8%; Putty:25.0%,-50.31,0.0,True
KP060,KP060,Pepper Tree Lane Body Corporat,BM,Byron Minnie,21.7,at_risk,At-Risk,🟠,0.67,0.5,0.42,12.5,0,0.0,3,0.0,5,5,"Accessories, Primers, QD Enamel, Specialised Coatings, Waterproofing",45.5,32.8,Specialised Coatings:16.7%; Primers:2.5%; Accessories:18.2%; Waterproofing:2.6%; QD Enamel:1.0%,-58.67,0.0,False
KF031,KF031,Fairplay Kwamhlange (PTY) Ltd,BV,Bhadresh Vallabh,21.4,at_risk,At-Risk,🟠,0.33,0.33,0.42,8.2,0,0.0,64,0.0,5,5,"Accessories, Enamel, Primers, QD Enamel, Waterproofing",45.5,38.0,Enamel:11.5%; Waterproofing:21.1%; QD Enamel:1.9%; Accessories:3.0%; Primers:10.0%,-36.91,0.0,True
KA110,KA110,Ace Steel And Roofing,NP,Nikhil Panchal,21.3,at_risk,At-Risk,🟠,1.34,0.84,0.83,21.0,0,0.0,16,0.0,1,1,Enamel,9.1,4.4,Enamel:1.1%,6.87,84.4,True
KP053,KP053/4,Paint Mart (Lenasia),AC,Aboo Cassim,20.1,dormant,Dead / Dormant,🔴,0.0,0.0,0.67,0.0,3,0.5,287,5.0,6,6,"Accessories, Enamel, Floor & Roof Paints, PVA Paints, Specialised Coatings, Waterproofing",54.5,20.3,Floor & Roof Paints:4.1%; Waterproofing:2.6%; PVA Paints:7.1%; Enamel:2.2%; Accessories:6.1%; Specialised Coatings:8.3%,,0.0,True
KE040,KE040,Exclusive Wholesalers,AC,Aboo Cassim,19.9,dormant,Dead / Dormant,🔴,0.0,0.17,0.92,4.2,0,0.0,99,0.0,2,2,"PVA Paints, Waterproofing",18.2,39.4,PVA Paints:6.5%; Waterproofing:13.2%,0.0,50.0,True
KE031,KE031,IL Molino (PTY) Ltd,AC,Aboo Cassim,19.8,at_risk,At-Risk,🟠,0.33,0.5,0.5,12.5,0,0.0,10,0.0,6,5,"Accessories, Enamel, PVA Paints, Primers, QD Enamel",49.1,13.2,Enamel:1.6%; Primers:7.5%; PVA Paints:0.3%; Accessories:6.1%; QD Enamel:1.0%,-39.96,0.0,True
KV010,KV010,V S General  Dealers,AP,Amit Patel,19.6,dormant,Dead / Dormant,🔴,0.0,0.0,0.25,0.0,0,0.0,231,0.0,7,4,"Accessories, Enamel, PVA Paints, Woodcare",47.3,36.0,PVA Paints:0.6%; Accessories:12.1%; Enamel:3.3%; Woodcare:20.0%,,0.0,True
KJ037,KJ037,Jad Doors (PTY) LTD,AC,Aboo Cassim,19.2,at_risk,At-Risk,🟠,0.33,0.5,0.83,12.5,5,0.83,71,41.7,6,1,Floor & Roof Paints,27.3,10.8,Floor & Roof Paints:2.7%,-100.0,0.0,True
KS003,KS003,S.M. Hardware,NP,Nikhil Panchal,19.0,dormant,Dead / Dormant,🔴,0.0,0.0,0.17,0.0,1,0.17,195,0.0,4,3,"Accessories, General, Putty",30.9,65.1,Putty:37.5%; General:8.3%; Accessories:3.0%,,0.0,True
KE037,KE037,Epic Foods (Pty) Ltd,AC,Aboo Cassim,18.8,at_risk,At-Risk,🟠,0.67,0.33,0.5,8.2,0,0.0,35,0.0,7,5,"Enamel, Floor & Roof Paints, PVA Paints, Primers, QD Enamel",52.7,6.6,Primers:5.0%; Floor & Roof Paints:1.4%; QD Enamel:1.0%; PVA Paints:0.3%; Enamel:0.5%,-40.56,0.0,True
KA045,KA045,Africa Hardware,NP,Nikhil Panchal,18.7,dormant,Dead / Dormant,🔴,0.0,0.0,0.08,0.0,0,0.0,252,0.0,7,2,"PVA Paints, Putty",36.4,52.0,PVA Paints:1.0%; Putty:25.0%,,0.0,True
KI016,KI016,Iconic Hardware,AP,Amit Patel,18.4,dormant,Dead / Dormant,🔴,0.0,0.0,0.08,0.0,0,0.0,231,0.0,6,6,"Accessories, Enamel, PVA Paints, Primers, QD Enamel, Woodcare",54.5,13.6,Enamel:1.6%; Primers:2.5%; Woodcare:8.0%; PVA Paints:0.3%; Accessories:6.1%; QD Enamel:1.9%,,0.0,True
KF022,KF022,F A P Holdings Pty Ltd ta KGN,NP,Nikhil Panchal,17.2,at_risk,At-Risk,🟠,0.33,0.33,0.33,8.2,1,0.17,81,8.3,4,4,"Accessories, Floor & Roof Paints, PVA Paints, Waterproofing",36.4,20.2,PVA Paints:2.6%; Floor & Roof Paints:4.1%; Waterproofing:10.5%; Accessories:3.0%,-23.01,0.0,True
KT057,KT057,Takolias Hardware Devland,AC,Aboo Cassim,17.2,at_risk,At-Risk,🟠,0.33,0.33,0.33,8.2,4,0.67,23,33.3,2,2,"Enamel, General",18.2,31.4,General:14.6%; Enamel:1.1%,-101.97,0.0,True
KB053,KB053,Mekka Hardware,AP,Amit Patel,16.8,dormant,Dead / Dormant,🔴,0.0,0.0,0.08,0.0,0,0.0,305,0.0,7,4,"Accessories, Enamel, Floor & Roof Paints, Woodcare",47.3,17.5,Enamel:3.8%; Woodcare:8.0%; Floor & Roof Paints:2.7%; Accessories:3.0%,,0.0,True
KP046,KP046,Pride Pak Packaging,BV,Bhadresh Vallabh,16.6,dormant,Dead / Dormant,🔴,0.0,0.17,0.42,4.2,0,0.0,109,0.0,3,2,"Accessories, General",21.8,10.2,Accessories:3.0%; General:2.1%,0.0,50.0,True
KA114,KA114,AMK Hardware,BV,Bhadresh Vallabh,16.6,dormant,Dead / Dormant,🔴,0.0,0.0,0.08,0.0,0,0.0,204,0.0,5,5,"Accessories, Enamel, Primers, QD Enamel, Waterproofing",45.5,19.8,Enamel:3.8%; Primers:5.0%; Waterproofing:5.3%; QD Enamel:7.7%; Accessories:3.0%,,0.0,True
KA108,KA108,Azhari Auto Spares,AP,Amit Patel,15.9,dormant,Dead / Dormant,🔴,0.0,0.33,0.33,8.2,0,0.0,155,0.0,1,1,Accessories,9.1,24.4,Accessories:6.1%,0.0,50.0,True
KP053,KP053/7,Paint Mart (Lenasia South),AC,Aboo Cassim,15.5,dormant,Dead / Dormant,🔴,0.0,0.0,0.17,0.0,3,0.5,287,5.0,6,4,"Accessories, Floor & Roof Paints, PVA Paints, Woodcare",43.6,11.0,Floor & Roof Paints:1.4%; Woodcare:4.0%; PVA Paints:2.6%; Accessories:3.0%,,0.0,True
KS130,KS130,Mashaole General Dealer,BV,Bhadresh Vallabh,15.4,dormant,Dead / Dormant,🔴,0.0,0.0,0.08,0.0,0,0.0,326,0.0,4,4,"Accessories, Enamel, General, QD Enamel",36.4,30.2,Enamel:12.0%; General:8.3%; Accessories:6.1%; QD Enamel:3.8%,,0.0,True
KZ008,KZ008/1,Zonelite Enterprises Pty Ltd,NP,Nikhil Panchal,15.3,dormant,Dead / Dormant,🔴,0.0,0.0,0.08,0.0,1,0.17,269,0.0,4,4,"Enamel, Primers, Waterproofing, Woodcare",36.4,29.0,Enamel:5.5%; Primers:5.0%; Waterproofing:10.5%; Woodcare:8.0%,,0.0,True
KA117,KA117,African Hardware,AP,Amit Patel,15.1,at_risk,At-Risk,🟠,0.33,0.17,0.08,4.2,0,0.0,43,0.0,2,2,"PVA Paints, QD Enamel",18.2,7.6,PVA Paints:1.9%; QD Enamel:1.9%,0.0,50.0,True
KM027,KM027/21,Power Build,AC,Aboo Cassim,15.0,dormant,Dead / Dormant,🔴,0.0,0.0,0.08,0.0,29,4.83,296,80.0,1,1,Enamel,9.1,2.0,Enamel:0.5%,,0.0,True
KB084,KB084,Builders at Bloem Pty Ltd,AP,Amit Patel,14.9,dormant,Dead / Dormant,🔴,0.0,0.0,0.08,0.0,0,0.0,217,0.0,10,2,"Floor & Roof Paints, QD Enamel",47.3,4.8,Floor & Roof Paints:1.4%; QD Enamel:1.0%,,0.0,True
KS016,KS016,Super Stores Hardware & Elec,AC,Aboo Cassim,14.8,at_risk,At-Risk,🟠,0.67,0.5,0.42,12.5,0,0.0,15,0.0,4,2,"Enamel, QD Enamel",25.5,11.8,Enamel:4.9%; QD Enamel:1.0%,-6.97,15.1,True
KL037,KL037,Lavender Moon Trading ta,NP,Nikhil Panchal,13.1,dormant,Dead / Dormant,🔴,0.0,0.17,0.17,4.2,0,0.0,169,0.0,1,1,Accessories,9.1,12.0,Accessories:3.0%,0.0,50.0,True
KD015,KD015,Discount Hardware Kanyamazane,BV,Bhadresh Vallabh,13.1,dormant,Dead / Dormant,🔴,0.0,0.0,0.0,0.0,5,0.83,436,21.7,9,0,,32.7,0.0,,,0.0,True
KP061,KP061/3,Paint Mart Moe (Lenasia South),AC,Aboo Cassim,12.7,dormant,Dead / Dormant,🔴,0.0,0.0,0.42,0.0,6,1.0,195,30.0,1,1,PVA Paints,9.1,36.4,PVA Paints:9.1%,,0.0,True
KB082,KB082,Bobras Hardware,AP,Amit Patel,12.4,dormant,Dead / Dormant,🔴,0.0,0.17,0.08,4.2,2,0.33,146,0.0,1,1,QD Enamel,9.1,7.6,QD Enamel:1.9%,0.0,50.0,True
KF034,KF034,Faeez Cassim,AC,Aboo Cassim,12.0,dormant,Dead / Dormant,🔴,0.0,0.33,0.25,8.2,0,0.0,98,0.0,3,3,"Accessories, Primers, QD Enamel",27.3,12.0,Accessories:3.0%; Primers:5.0%; QD Enamel:1.0%,-23.26,0.0,True
KB093,KB093,Baskid Nondabuya General Trd,NP,Nikhil Panchal,11.7,dormant,Dead / Dormant,🔴,0.0,0.0,0.0,0.0,3,0.5,386,5.0,10,0,,36.4,0.0,,,0.0,True
KH050,KH050,Hope and Harmony Projects,BV,Bhadresh Vallabh,11.6,dormant,Dead / Dormant,🔴,0.33,0.17,0.08,4.2,0,0.0,91,0.0,1,1,PVA Paints,9.1,2.4,PVA Paints:0.6%,0.0,50.0,True
KM148,KM148,Aaliya Hardware,NP,Nikhil Panchal,10.9,dormant,Dead / Dormant,🔴,0.0,0.0,0.0,0.0,0,0.0,373,0.0,10,0,,36.4,0.0,,,0.0,True
KJ022,KJ022,Jane Furse Building Supply,AP,Amit Patel,10.9,dormant,Dead / Dormant,🔴,0.0,0.0,0.0,0.0,2,0.33,512,0.0,10,0,,36.4,0.0,,,0.0,True
KD014,KD014,Discount HW Homebuild,BV,Bhadresh Vallabh,10.9,dormant,Dead / Dormant,🔴,0.0,0.0,0.0,0.0,0,0.0,536,0.0,10,0,,36.4,0.0,,,0.0,True
KH028,KH028,OMELA DHABI & SON CC,BV,Bhadresh Vallabh,10.9,dormant,Dead / Dormant,🔴,0.0,0.0,0.0,0.0,1,0.17,515,0.0,10,0,,36.4,0.0,,,0.0,True
KP063,KP063,Projo Projects,BM,Byron Minnie,10.6,narrow,Active but Narrow,🟡,1.67,1.67,0.83,41.8,0,0.0,17,0.0,0,0,,0.0,0.0,,-9.74,1.3,False
KM101,KM101,Mevish Cash & Carry,AP,Amit Patel,10.6,dormant,Dead / Dormant,🔴,0.0,0.0,0.08,0.0,2,0.33,225,0.0,7,1,PVA Paints,30.9,9.2,PVA Paints:2.3%,,0.0,True
KN033,KN033,Nimmi Investment,BV,Bhadresh Vallabh,10.6,dormant,Dead / Dormant,🔴,0.0,0.0,0.25,0.0,0,0.0,219,0.0,4,3,"Accessories, Enamel, Floor & Roof Paints",30.9,8.8,Enamel:2.2%; Floor & Roof Paints:1.4%; Accessories:3.0%,,0.0,True
KP054,KP054,Premium Build Hardware,AC,Aboo Cassim,9.8,dormant,Dead / Dormant,🔴,0.0,0.0,0.0,0.0,0,0.0,394,0.0,9,0,,32.7,0.0,,,0.0,True
KA056,KA056,A N Hardware,AP,Amit Patel,9.8,dormant,Dead / Dormant,🔴,0.0,0.0,0.0,0.0,0,0.0,512,0.0,9,0,,32.7,0.0,,,0.0,True
KD017,KD017,Discount Hardware,AP,Amit Patel,9.6,dormant,Dead / Dormant,🔴,0.0,0.0,0.0,0.0,4,0.67,525,13.3,7,0,,25.5,0.0,,,0.0,True
KM011,KM011,Quick Save Hardware,NP,Nikhil Panchal,9.6,dormant,Dead / Dormant,🔴,0.0,0.0,0.0,0.0,4,0.67,534,13.3,7,0,,25.5,0.0,,,0.0,True
KC055,KC055,CKW life Style (PTY) LTD,BM,Byron Minnie,9.5,dormant,Dead / Dormant,🔴,0.0,0.0,0.08,0.0,0,0.0,303,0.0,2,2,"Accessories, Floor & Roof Paints",18.2,27.0,Floor & Roof Paints:1.4%; Accessories:12.1%,,0.0,False
KH032,KH032,Hardware Hub,NP,Nikhil Panchal,9.5,dormant,Dead / Dormant,🔴,0.0,0.0,0.0,0.0,3,0.5,528,5.0,8,0,,29.1,0.0,,,0.0,True
KZ010,KZ010,Z & K Building Consultants,AC,Aboo Cassim,8.7,dormant,Dead / Dormant,🔴,0.0,0.0,0.0,0.0,0,0.0,520,0.0,8,0,,29.1,0.0,,,0.0,True
KO013,KO013,Olive Urban,BM,Byron Minnie,8.6,at_risk,At-Risk,🟠,0.33,0.17,0.08,4.2,0,0.0,51,0.0,0,0,,0.0,0.0,,0.0,50.0,True
KA040,KA040,A & S Enterprises (Pty) Ltd,NP,Nikhil Panchal,8.4,dormant,Dead / Dormant,🔴,0.0,0.0,0.0,0.0,3,0.5,631,5.0,7,0,,25.5,0.0,,,0.0,True
KM116,KM116,Maserumo Xpress,AP,Amit Patel,7.6,dormant,Dead / Dormant,🔴,0.0,0.0,0.0,0.0,0,0.0,522,0.0,7,0,,25.5,0.0,,,0.0,True
KB073,KB073,Best Build Hardware,AC,Aboo Cassim,7.6,dormant,Dead / Dormant,🔴,0.0,0.0,0.0,0.0,1,0.17,597,0.0,7,0,,25.5,0.0,,,0.0,True
KA022,KA022,NSR Hardware C.C.,BV,Bhadresh Vallabh,7.6,dormant,Dead / Dormant,🔴,0.0,0.0,0.0,0.0,1,0.17,695,0.0,7,0,,25.5,0.0,,,0.0,True
KM056,KM056,Madina PropertY Trust,NP,Nikhil Panchal,7.6,dormant,Dead / Dormant,🔴,0.0,0.0,0.0,0.0,0,0.0,669,0.0,7,0,,25.5,0.0,,,0.0,True
KN004,KN004,Neha HW & Bldg. Mat.,NP,Nikhil Panchal,7.6,dormant,Dead / Dormant,🔴,0.0,0.0,0.0,0.0,2,0.33,393,0.0,7,0,,25.5,0.0,,,0.0,True
KM143,KM143,Wellmark Investments,NP,Nikhil Panchal,7.6,dormant,Dead / Dormant,🔴,0.0,0.0,0.0,0.0,0,0.0,466,0.0,7,0,,25.5,0.0,,,0.0,True
KV018,KV018,Vantis Gift Centre CC,AC,Aboo Cassim,7.5,dormant,Dead / Dormant,🔴,0.0,0.0,0.08,0.0,0,0.0,189,0.0,2,1,Accessories,12.7,24.4,Accessories:6.1%,,0.0,True
KF016,KF016,Friends,NP,Nikhil Panchal,6.5,dormant,Dead / Dormant,🔴,0.0,0.0,0.0,0.0,0,0.0,513,0.0,6,0,,21.8,0.0,,,0.0,True
KB036,KB036,BRM Investments,AP,Amit Patel,6.5,dormant,Dead / Dormant,🔴,0.0,0.0,0.0,0.0,0,0.0,639,0.0,6,0,,21.8,0.0,,,0.0,True
KD054,KD054,Discount Builders,BV,Bhadresh Vallabh,6.5,dormant,Dead / Dormant,🔴,0.0,0.0,0.0,0.0,0,0.0,618,0.0,6,0,,21.8,0.0,,,0.0,True
KF011,KF011,Family Hardware,AP,Amit Patel,6.5,dormant,Dead / Dormant,🔴,0.0,0.0,0.0,0.0,2,0.33,515,0.0,6,0,,21.8,0.0,,,0.0,True
KS128,KS128,Steel City Hardware,NP,Nikhil Panchal,6.4,dormant,Dead / Dormant,🔴,0.0,0.0,0.08,0.0,0,0.0,344,0.0,4,1,PVA Paints,20.0,2.4,PVA Paints:0.6%,,0.0,True
KH013,KH013/1,Henque 3481 Builders Mecca,BV,Bhadresh Vallabh,6.3,dormant,Dead / Dormant,🔴,0.0,0.0,0.08,0.0,5,0.83,212,21.7,1,1,PVA Paints,9.1,2.4,PVA Paints:0.6%,,0.0,True
KW014,KW014,Walwati Properties (PTY) LTD,AC,Aboo Cassim,6.1,dormant,Dead / Dormant,🔴,0.0,0.0,0.17,0.0,2,0.33,344,0.0,2,2,"Enamel, QD Enamel",18.2,4.2,QD Enamel:1.0%; Enamel:1.1%,,0.0,True
KV016,KV016,Vendeco Trading,BV,Bhadresh Vallabh,5.5,dormant,Dead / Dormant,🔴,0.0,0.0,0.0,0.0,2,0.33,743,0.0,5,0,,18.2,0.0,,,0.0,True
KY004,KY004,Builders Mart,NP,Nikhil Panchal,5.5,dormant,Dead / Dormant,🔴,0.0,0.0,0.0,0.0,0,0.0,393,0.0,5,0,,18.2,0.0,,,0.0,True
KV019,KV019,Vaal Electrical Hardware,AC,Aboo Cassim,5.5,dormant,Dead / Dormant,🔴,0.0,0.0,0.0,0.0,0,0.0,682,0.0,5,0,,18.2,0.0,,,0.0,True
KD058,KD058,Discount Build Hardware,BV,Bhadresh Vallabh,5.5,dormant,Dead / Dormant,🔴,0.0,0.0,0.0,0.0,0,0.0,470,0.0,5,0,,18.2,0.0,,,0.0,True
KQ005,KQ005,Qwa Qwa HW - TA Mica HWare,NP,Nikhil Panchal,5.5,dormant,Dead / Dormant,🔴,0.0,0.0,0.0,0.0,0,0.0,402,0.0,5,0,,18.2,0.0,,,0.0,True
KA072,KA072,Amods Electrical & Plumbing,AP,Amit Patel,4.3,dormant,Dead / Dormant,🔴,0.0,0.0,0.0,0.0,0,0.0,721,0.0,4,0,,14.5,0.0,,,0.0,True
KD061,KD061,DIY Tool Time,AC,Aboo Cassim,4.3,dormant,Dead / Dormant,🔴,0.0,0.0,0.0,0.0,0,0.0,367,0.0,4,0,,14.5,0.0,,,0.0,True
KP057,KP057,Priyanka Supermarket,BV,Bhadresh Vallabh,4.3,dormant,Dead / Dormant,🔴,0.0,0.0,0.0,0.0,0,0.0,556,0.0,4,0,,14.5,0.0,,,0.0,True
KQ012,KQ012,Sembro Hardware T A Concrete &,NP,Nikhil Panchal,4.3,dormant,Dead / Dormant,🔴,0.0,0.0,0.0,0.0,0,0.0,710,0.0,4,0,,14.5,0.0,,,0.0,True
KA078,KA078,Asif Cash & Carry & Hardware,NP,Nikhil Panchal,3.3,dormant,Dead / Dormant,🔴,0.0,0.0,0.08,0.0,2,0.33,255,0.0,1,1,PVA Paints,9.1,4.0,PVA Paints:1.0%,,0.0,True
KS111,KS111,Speedy Hardware,NP,Nikhil Panchal,3.3,dormant,Dead / Dormant,🔴,0.0,0.0,0.0,0.0,0,0.0,658,0.0,3,0,,10.9,0.0,,,0.0,True
KB047,KB047,Sunshine 786 Trading,NP,Nikhil Panchal,2.2,dormant,Dead / Dormant,🔴,0.0,0.0,0.0,0.0,0,0.0,465,0.0,2,0,,7.3,0.0,,,0.0,True
KB044,KB044,Border Plumbing & Hardware,BV,Bhadresh Vallabh,2.2,dormant,Dead / Dormant,🔴,0.0,0.0,0.0,0.0,0,0.0,542,0.0,2,0,,7.3,0.0,,,0.0,True
KA107,KA107,Applemint Properties 91 Pty Lt,BV,Bhadresh Vallabh,2.2,dormant,Dead / Dormant,🔴,0.0,0.0,0.0,0.0,0,0.0,530,0.0,2,0,,7.3,0.0,,,0.0,True
KM008,KM008,Maxi Save Hardware Corporation,NP,Nikhil Panchal,2.2,dormant,Dead / Dormant,🔴,0.0,0.0,0.0,0.0,1,0.17,388,0.0,2,0,,7.3,0.0,,,0.0,True
KS046,KS046,Scenic Route Trading 580 cc,BV,Bhadresh Vallabh,2.2,dormant,Dead / Dormant,🔴,0.0,0.0,0.0,0.0,0,0.0,616,0.0,2,0,,7.3,0.0,,,0.0,True
KH017,KH017,Capstan Trading 896 CC,NP,Nikhil Panchal,1.1,dormant,Dead / Dormant,🔴,0.0,0.0,0.0,0.0,0,0.0,744,0.0,1,0,,3.6,0.0,,,0.0,True
KM068,KM068,Warden Mica,NP,Nikhil Panchal,1.1,dormant,Dead / Dormant,🔴,0.0,0.0,0.0,0.0,0,0.0,512,0.0,1,0,,3.6,0.0,,,0.0,True
KE016,KE016,Eeezee Foam (Pty) Ltd,AC,Aboo Cassim,1.1,dormant,Dead / Dormant,🔴,0.0,0.0,0.0,0.0,0,0.0,802,0.0,1,0,,3.6,0.0,,,0.0,True
KL048,KL048,Living Inspired Interiors,BM,Byron Minnie,1.1,dormant,Dead / Dormant,🔴,0.0,0.0,0.17,0.0,0,0.0,275,0.0,1,0,,3.6,0.0,,,0.0,True
